image_id,filepath,source_module,volunteer,seq,bytes,sha256,released_view
PUFA_training_V01_S01,data/raw/PUFA_training/PUFA_training_V01_S01.jpeg,PUFA_training,1,1,101315,19c11e1624279f9a0671720f0d5a26dd0a685d9a2b2764f91664a2397196d595,
PUFA_training_V06_S01,data/raw/PUFA_training/PUFA_training_V06_S01.jpeg,PUFA_training,6,1,45706,5403cc75d2ff9bef4f2481c8a2ffa470b9d1cf854567b400d69d2c72ae397cd8,
PUFA_training_V07_S01,data/raw/PUFA_training/PUFA_training_V07_S01.jpeg,PUFA_training,7,1,30794,68c6a67380bdc1d53ddd4f90ce4a6efdf4923bb89a156cc9c422e959b9e6dae3,
PUFA_training_V08_S01,data/raw/PUFA_training/PUFA_training_V08_S01.jpeg,PUFA_training,8,1,34302,42901174e3ea14f2bd29a14509085082710ca077c04c1833215f3a7ba1747258,
PUFA_training_V09_S01,data/raw/PUFA_training/PUFA_training_V09_S01.jpeg,PUFA_training,9,1,75116,ce2cb5ff154194153e36b641caffa5b8b854e25bd5aae092cc21d9f022319855,
PUFA_training_V10_S01,data/raw/PUFA_training/PUFA_training_V10_S01.jpeg,PUFA_training,10,1,63195,774f68612857b4fd78f784f4708dc748ccafd1319ed4e5365dc1da0fd960bde0,
deciduous_dentition_ceod_V01_S01,data/raw/deciduous_dentition_ceod/deciduous_dentition_ceod_V01_S01.jpeg,deciduous_dentition_ceod,1,1,152060,2d4c870ada009c660219b8895d5dc7f161b0c84e2b9473f36f42dd031cc20733,
deciduous_dentition_ceod_V01_S02,data/raw/deciduous_dentition_ceod/deciduous_dentition_ceod_V01_S02.jpeg,deciduous_dentition_ceod,1,2,180277,7a736396236cda0c045c3a07ac002194638187f388f709fe5073fc0e9ebb887c,
deciduous_dentition_ceod_V01_S03,data/raw/deciduous_dentition_ceod/deciduous_dentition_ceod_V01_S03.jpeg,deciduous_dentition_ceod,1,3,64018,d5867cf67f3ae3b1c724781efbfc03585d27e57a6659f391cd73ede1728a6220,
deciduous_dentition_ceod_V01_S04,data/raw/deciduous_dentition_ceod/deciduous_dentition_ceod_V01_S04.jpeg,deciduous_dentition_ceod,1,4,150790,0567d2641a6be9930230a31bdecf1c8fef23a6e9a19353323a753a0a5663301f,
deciduous_dentition_ceod_V01_S05,data/raw/deciduous_dentition_ceod/deciduous_dentition_ceod_V01_S05.jpeg,deciduous_dentition_ceod,1,5,165235,5b078398064f352a4ea6ddf2bc81487eda345cefcf600aed051b8db3b78ba3a9,
deciduous_dentition_ceod_V01_S06,data/raw/deciduous_dentition_ceod/deciduous_dentition_ceod_V01_S06.jpeg,deciduous_dentition_ceod,1,6,160699,7e39a0c95b91c8ae4d5b8092afdf72289885f80b5fafc1784ee0da8627db54a8,
deciduous_dentition_ceod_V01_S07,data/raw/deciduous_dentition_ceod/deciduous_dentition_ceod_V01_S07.jpeg,deciduous_dentition_ceod,1,7,117164,b881ca5cd5ea379430641e009317e69130fcd51bb6c46cf156e3f825c6440b24,
deciduous_dentition_ceod_V01_S08,data/raw/deciduous_dentition_ceod/deciduous_dentition_ceod_V01_S08.jpeg,deciduous_dentition_ceod,1,8,125804,2b90788c78eb69377d2cd48456a41d9fc9539121ef9067e8c8ccf0bde6f64676,
deciduous_dentition_ceod_V02_S01,data/raw/deciduous_dentition_ceod/deciduous_dentition_ceod_V02_S01.jpeg,deciduous_dentition_ceod,2,1,124140,7c9ffdcd70020c084320db7018f35060f0bd9a24bb477d892cf565dbab553e52,
deciduous_dentition_ceod_V02_S02,data/raw/deciduous_dentition_ceod/deciduous_dentition_ceod_V02_S02.jpeg,deciduous_dentition_ceod,2,2,100757,0a29d9a2a6c42871c4087f973c1199344e0b36f7f7d1dbfdf2d4deace2427e39,
deciduous_dentition_ceod_V02_S03,data/raw/deciduous_dentition_ceod/deciduous_dentition_ceod_V02_S03.jpeg,deciduous_dentition_ceod,2,3,94863,26acda692b3a4349aff19801220a629eafa4cd319acd3fe5ae471d54bafbec0e,
deciduous_dentition_ceod_V02_S04,data/raw/deciduous_dentition_ceod/deciduous_dentition_ceod_V02_S04.jpeg,deciduous_dentition_ceod,2,4,86131,e371f8f7f84ad4f9ce1029bebbbabf0934d13d1805761fc76aca976b8466e608,
deciduous_dentition_ceod_V02_S05,data/raw/deciduous_dentition_ceod/deciduous_dentition_ceod_V02_S05.jpeg,deciduous_dentition_ceod,2,5,105903,e29db5cdcbf058c7ce3f1eb5dcb04e74a106b0eb3e2a6c5fad9ad0241c348fab,
deciduous_dentition_ceod_V02_S06,data/raw/deciduous_dentition_ceod/deciduous_dentition_ceod_V02_S06.jpeg,deciduous_dentition_ceod,2,6,91781,86245ceef6a195b9b4efa1dbe497edb2de33a33b71304f20cde44edbe0fec095,
deciduous_dentition_ceod_V02_S07,data/raw/deciduous_dentition_ceod/deciduous_dentition_ceod_V02_S07.jpeg,deciduous_dentition_ceod,2,7,166672,63ecaf4d3a1497441ca6c614946d6ec142aa23f3a3c0c3f8ed767dd54aff2f7a,
deciduous_dentition_ceod_V02_S08,data/raw/deciduous_dentition_ceod/deciduous_dentition_ceod_V02_S08.jpeg,deciduous_dentition_ceod,2,8,149020,fdfac1b316496315dc5a71a0e2934c3a0b662579a55547e55c9c8aea0df071c3,
deciduous_dentition_ceod_V02_S09,data/raw/deciduous_dentition_ceod/deciduous_dentition_ceod_V02_S09.jpeg,deciduous_dentition_ceod,2,9,155268,b28c7059820a8453a91afa7af2c6e8aa47beff62b16e88b81eb060370608f310,
deciduous_dentition_ceod_V03_S01,data/raw/deciduous_dentition_ceod/deciduous_dentition_ceod_V03_S01.jpeg,deciduous_dentition_ceod,3,1,180743,772aa8cfe479f2998676523d11b145a09e21f942fc89cf0ce9750931b1d54a09,
deciduous_dentition_ceod_V03_S02,data/raw/deciduous_dentition_ceod/deciduous_dentition_ceod_V03_S02.jpeg,deciduous_dentition_ceod,3,2,188308,9dc7ba38904a91e244de75567bf0d3aa8faf442c7def818dd98da90549b8dc4c,
deciduous_dentition_ceod_V03_S03,data/raw/deciduous_dentition_ceod/deciduous_dentition_ceod_V03_S03.jpeg,deciduous_dentition_ceod,3,3,122165,915346996ea6fe2ddaad75b74b700a6fea90d572466257582cd99825cca8d19a,
deciduous_dentition_ceod_V03_S04,data/raw/deciduous_dentition_ceod/deciduous_dentition_ceod_V03_S04.jpeg,deciduous_dentition_ceod,3,4,188603,0edc499cd179de4f2574a79111db5deef7905afde74d7f41c1e4f9405dcc04c9,
deciduous_dentition_ceod_V03_S05,data/raw/deciduous_dentition_ceod/deciduous_dentition_ceod_V03_S05.jpeg,deciduous_dentition_ceod,3,5,225229,d02194c0940d0600e19e183d85eed598ebd36b8766727c4442805bacb21c2561,
deciduous_dentition_ceod_V03_S06,data/raw/deciduous_dentition_ceod/deciduous_dentition_ceod_V03_S06.jpeg,deciduous_dentition_ceod,3,6,202654,b34955eb3092cca4051df20dcf98df2b2d21d61ef5e2794e72b14cdf7d51757a,
deciduous_dentition_ceod_V03_S07,data/raw/deciduous_dentition_ceod/deciduous_dentition_ceod_V03_S07.jpeg,deciduous_dentition_ceod,3,7,195107,a8c5af9373367ec39914b53406e03415acc535af79c0a121fb4a9df8a78d49e0,
deciduous_dentition_ceod_V03_S08,data/raw/deciduous_dentition_ceod/deciduous_dentition_ceod_V03_S08.jpeg,deciduous_dentition_ceod,3,8,197452,822a42f37fe19128fd572131c8daa53ce40d146c9b794c5f7d6a1dc80af2456b,
deciduous_dentition_ceod_V03_S09,data/raw/deciduous_dentition_ceod/deciduous_dentition_ceod_V03_S09.jpeg,deciduous_dentition_ceod,3,9,196742,408b5bd74bce58a6ccfa8e61594d461cc26c9f3dc8311ba895e25b775c31bd8c,
deciduous_dentition_ceod_V04_S01,data/raw/deciduous_dentition_ceod/deciduous_dentition_ceod_V04_S01.jpeg,deciduous_dentition_ceod,4,1,89793,b5792e8778e5d6f4aac4b3aaefee4bfe7696571f2ba47d31eb437a174a6c1341,
deciduous_dentition_ceod_V04_S02,data/raw/deciduous_dentition_ceod/deciduous_dentition_ceod_V04_S02.jpeg,deciduous_dentition_ceod,4,2,101762,cbe5079e84b31460179593de4757acf4997b39af42fe91d9e97061908522b071,
deciduous_dentition_ceod_V04_S03,data/raw/deciduous_dentition_ceod/deciduous_dentition_ceod_V04_S03.jpeg,deciduous_dentition_ceod,4,3,59643,f4ce74dc3d4fb1872e6640d46b1e70cf2924b1546416cd69d0b9feb9ae2bf3e6,
deciduous_dentition_ceod_V04_S04,data/raw/deciduous_dentition_ceod/deciduous_dentition_ceod_V04_S04.jpeg,deciduous_dentition_ceod,4,4,65578,61333a3bc65fcf25ba65256b818443a508e7334e4526b7308fc3e9284eae3b98,
deciduous_dentition_ceod_V04_S05,data/raw/deciduous_dentition_ceod/deciduous_dentition_ceod_V04_S05.jpeg,deciduous_dentition_ceod,4,5,49752,49743d920be7320a5ae3c779a66d648dbe8b7b091532ff4b337e1bf6ef493955,
deciduous_dentition_ceod_V04_S06,data/raw/deciduous_dentition_ceod/deciduous_dentition_ceod_V04_S06.jpeg,deciduous_dentition_ceod,4,6,60695,772c289c521e4d52f7a4bbd4b7b0612277d0c8d0eada7484c8902b820ed2084e,
deciduous_dentition_ceod_V04_S07,data/raw/deciduous_dentition_ceod/deciduous_dentition_ceod_V04_S07.jpeg,deciduous_dentition_ceod,4,7,80760,2c207ae5fc4038217133875c60eb5198a92bede05ce3c37a80d2678e9d8737b1,
deciduous_dentition_ceod_V04_S08,data/raw/deciduous_dentition_ceod/deciduous_dentition_ceod_V04_S08.jpeg,deciduous_dentition_ceod,4,8,94791,67e88407652b171742732ce2558e90574f12cd8eeedbb6927f1a3bcbdbb431ce,
deciduous_dentition_ceod_V04_S09,data/raw/deciduous_dentition_ceod/deciduous_dentition_ceod_V04_S09.jpeg,deciduous_dentition_ceod,4,9,70071,ed6a4811abc4fc26c4fc7d661d43298f4f5ec68e06abdcba3fc2c5c4d00265f6,
deciduous_dentition_ceod_V04_S10,data/raw/deciduous_dentition_ceod/deciduous_dentition_ceod_V04_S10.jpeg,deciduous_dentition_ceod,4,10,73011,99f3d1d10a925876ddcb814c9c23ce8ffb706a2561b461d34dfe1818f0e31a5f,
deciduous_dentition_ceod_V05_S01,data/raw/deciduous_dentition_ceod/deciduous_dentition_ceod_V05_S01.jpeg,deciduous_dentition_ceod,5,1,97014,ec1ae773498249d6ae63a3925762ad23c4db566ae4bb09837179e4a7f23acba2,
deciduous_dentition_ceod_V05_S02,data/raw/deciduous_dentition_ceod/deciduous_dentition_ceod_V05_S02.jpeg,deciduous_dentition_ceod,5,2,93422,e12a7c3256bd80cdaee29cfa314e29012377aa650206b211c2c2cb063fe24fa1,
deciduous_dentition_ceod_V05_S03,data/raw/deciduous_dentition_ceod/deciduous_dentition_ceod_V05_S03.jpeg,deciduous_dentition_ceod,5,3,76857,c305ac4017ed830d6eab9e9683f172b5a8d2efa1a2e999e0f922550907d1f486,
deciduous_dentition_ceod_V05_S04,data/raw/deciduous_dentition_ceod/deciduous_dentition_ceod_V05_S04.jpeg,deciduous_dentition_ceod,5,4,54056,9388aa91d1bab83af23fde46472a6c8fabf984469514f6bf6ee261858f504c9c,
deciduous_dentition_ceod_V05_S05,data/raw/deciduous_dentition_ceod/deciduous_dentition_ceod_V05_S05.jpeg,deciduous_dentition_ceod,5,5,77635,c49e96dac7a7cb3fa536a9e1098332b4fe564980a799f38938b362701daf071e,
deciduous_dentition_ceod_V05_S06,data/raw/deciduous_dentition_ceod/deciduous_dentition_ceod_V05_S06.jpeg,deciduous_dentition_ceod,5,6,76662,bd38c183446f1a62c62e60193c9fa5f86f51b83315d34c8bb6f2545d22493961,
deciduous_dentition_ceod_V05_S07,data/raw/deciduous_dentition_ceod/deciduous_dentition_ceod_V05_S07.jpeg,deciduous_dentition_ceod,5,7,155622,984c2d137481abdd97231b5555fe1db34533e7b23329127c3befa7723a7c8b40,
deciduous_dentition_ceod_V05_S08,data/raw/deciduous_dentition_ceod/deciduous_dentition_ceod_V05_S08.jpeg,deciduous_dentition_ceod,5,8,122032,d52d3660c1179ddb3d1283dc093df74225155174c977d7b35569a457376c45f5,
deciduous_dentition_ceod_V05_S09,data/raw/deciduous_dentition_ceod/deciduous_dentition_ceod_V05_S09.jpeg,deciduous_dentition_ceod,5,9,92367,fd975f1c0a062b4184d621053ebf6de2a1cfaa260f347aa7109754e7732a6284,
deciduous_dentition_ceod_V05_S10,data/raw/deciduous_dentition_ceod/deciduous_dentition_ceod_V05_S10.jpeg,deciduous_dentition_ceod,5,10,126338,fc4a2b8345aff2f2019115d57cc614d392d7343eea7a7464a6a78b51180da6f9,
deciduous_dentition_ceod_V05_S11,data/raw/deciduous_dentition_ceod/deciduous_dentition_ceod_V05_S11.jpeg,deciduous_dentition_ceod,5,11,114494,158434657ba8b1ba0090b5a39d59eebe9aeeb8c479e3b016ef0705205026a422,
deciduous_dentition_ceod_V06_S01,data/raw/deciduous_dentition_ceod/deciduous_dentition_ceod_V06_S01.jpeg,deciduous_dentition_ceod,6,1,78852,9117f814b28feabd7adc917217f4a8df5b2e0207088600391df0320a4016c2cd,
deciduous_dentition_ceod_V06_S02,data/raw/deciduous_dentition_ceod/deciduous_dentition_ceod_V06_S02.jpeg,deciduous_dentition_ceod,6,2,58065,3d7fd3be256623453a3cf8ca594b0e2ae29fb3fd0ebc36cdf1e6a864a4cf3e77,
deciduous_dentition_ceod_V06_S03,data/raw/deciduous_dentition_ceod/deciduous_dentition_ceod_V06_S03.jpeg,deciduous_dentition_ceod,6,3,55089,de0de0ec02da4b6a4702ab70671433e29f8ece446a129baa05d7bf3315dd9ed3,
deciduous_dentition_ceod_V06_S04,data/raw/deciduous_dentition_ceod/deciduous_dentition_ceod_V06_S04.jpeg,deciduous_dentition_ceod,6,4,78443,f641cff8a623a805c3d198caf2b177b7a33541d9aace79451b822e702db238e6,
deciduous_dentition_ceod_V06_S05,data/raw/deciduous_dentition_ceod/deciduous_dentition_ceod_V06_S05.jpeg,deciduous_dentition_ceod,6,5,53308,0665de743c9e185db543cdee79ad515baffc1760995372c712e656403077df82,
deciduous_dentition_ceod_V06_S06,data/raw/deciduous_dentition_ceod/deciduous_dentition_ceod_V06_S06.jpeg,deciduous_dentition_ceod,6,6,101770,a44017d8490faf02bbccd99b1d7575ed6e249a9378bc2f4532caa14e9f9c89a4,
deciduous_dentition_ceod_V06_S07,data/raw/deciduous_dentition_ceod/deciduous_dentition_ceod_V06_S07.jpeg,deciduous_dentition_ceod,6,7,69574,e932b7b5fe518b9a81709b48f31727bdecc4f502d7fff2439747c136d725fb17,
deciduous_dentition_ceod_V06_S08,data/raw/deciduous_dentition_ceod/deciduous_dentition_ceod_V06_S08.jpeg,deciduous_dentition_ceod,6,8,71083,5d1ed04d4ded4549a6c41ddb2a90156186b9a4cef5c709454dfd48fbdc2902e4,
deciduous_dentition_ceod_V06_S09,data/raw/deciduous_dentition_ceod/deciduous_dentition_ceod_V06_S09.jpeg,deciduous_dentition_ceod,6,9,86445,ed0451f9962bb223310bd1a3eb963c26db26f056c31b86fdfd67e708ece4e73a,
deciduous_dentition_ceod_V06_S10,data/raw/deciduous_dentition_ceod/deciduous_dentition_ceod_V06_S10.jpeg,deciduous_dentition_ceod,6,10,95776,0b20c1332c9fd1f58e3c77050dc8119805e21ed5aa8babbf5dccdaa8cd63f753,
deciduous_dentition_ceod_V07_S01,data/raw/deciduous_dentition_ceod/deciduous_dentition_ceod_V07_S01.jpeg,deciduous_dentition_ceod,7,1,55942,0c0dc8af9dab3d2e813ee45bd1fb91d121e4f41dd1bdc38b7ca298fcaa604344,
deciduous_dentition_ceod_V07_S02,data/raw/deciduous_dentition_ceod/deciduous_dentition_ceod_V07_S02.jpeg,deciduous_dentition_ceod,7,2,53008,1fba361dcd5932520b52833c1db3b398daa6ad1c7935063834fc2eebdabdeeea,
deciduous_dentition_ceod_V07_S03,data/raw/deciduous_dentition_ceod/deciduous_dentition_ceod_V07_S03.jpeg,deciduous_dentition_ceod,7,3,100853,ee78306aa805f7376d37e4088523012efd35e976883bfb1b12c75f31a8d576e3,
deciduous_dentition_ceod_V07_S04,data/raw/deciduous_dentition_ceod/deciduous_dentition_ceod_V07_S04.jpeg,deciduous_dentition_ceod,7,4,65311,c57097ec44f8bcc87caea6ad06176bc3ab18c30dd33f76a158bdd2a13651917c,
deciduous_dentition_ceod_V07_S05,data/raw/deciduous_dentition_ceod/deciduous_dentition_ceod_V07_S05.jpeg,deciduous_dentition_ceod,7,5,88613,6e49797338b07e383990a8b8f67d1f20279f8ee809a017d0b664b84212c47d71,
deciduous_dentition_ceod_V07_S06,data/raw/deciduous_dentition_ceod/deciduous_dentition_ceod_V07_S06.jpeg,deciduous_dentition_ceod,7,6,94737,1f0539d935649f03974b628900ed6f3fc58da3f3bb5537958105830aca682f23,
deciduous_dentition_ceod_V07_S07,data/raw/deciduous_dentition_ceod/deciduous_dentition_ceod_V07_S07.jpeg,deciduous_dentition_ceod,7,7,91954,065d7646fb29f48409ef1534013ecf2cf1eed057e1465ef05481be35a15765b2,
deciduous_dentition_ceod_V07_S08,data/raw/deciduous_dentition_ceod/deciduous_dentition_ceod_V07_S08.jpeg,deciduous_dentition_ceod,7,8,91455,10e147f2ecd769af1629ccc298202617c80c3621683448ef8b86ba6f326569c6,
deciduous_dentition_ceod_V07_S09,data/raw/deciduous_dentition_ceod/deciduous_dentition_ceod_V07_S09.jpeg,deciduous_dentition_ceod,7,9,110861,6adbe210aae8bc53b0a92cea350f633f4769d6ed07af67bdfad19565bd4f0c5c,
deciduous_dentition_ceod_V08_S01,data/raw/deciduous_dentition_ceod/deciduous_dentition_ceod_V08_S01.jpeg,deciduous_dentition_ceod,8,1,110499,417c3b772a1c0d45293b165bb2b533b9e8e7d0a3f030d9a44b8ce62ab9668151,
deciduous_dentition_ceod_V08_S02,data/raw/deciduous_dentition_ceod/deciduous_dentition_ceod_V08_S02.jpeg,deciduous_dentition_ceod,8,2,101755,48f4ca32aabd061f2f5d440469b0c9c41d2c9f01d66eecb9c0c420a10da1a723,
deciduous_dentition_ceod_V08_S03,data/raw/deciduous_dentition_ceod/deciduous_dentition_ceod_V08_S03.jpeg,deciduous_dentition_ceod,8,3,50629,691ef27850874fc0f94e72781a7c615dfde0e11cf53fd583c5dcd5ef7c897bda,
deciduous_dentition_ceod_V08_S04,data/raw/deciduous_dentition_ceod/deciduous_dentition_ceod_V08_S04.jpeg,deciduous_dentition_ceod,8,4,60488,1561157229ffccda59b90b0446c56e34e353eaf73a4bede854bb5689e41eb93d,
deciduous_dentition_ceod_V08_S05,data/raw/deciduous_dentition_ceod/deciduous_dentition_ceod_V08_S05.jpeg,deciduous_dentition_ceod,8,5,69878,282a8382fcc8eb00f3da640548bb7942004512f838ed504f5ce6626b68ab5bdd,
deciduous_dentition_ceod_V08_S06,data/raw/deciduous_dentition_ceod/deciduous_dentition_ceod_V08_S06.jpeg,deciduous_dentition_ceod,8,6,81817,d64ae2dd676694897792b016cfa2382b155e5e9330f8fba5e01602a17b40b6b1,
deciduous_dentition_ceod_V08_S07,data/raw/deciduous_dentition_ceod/deciduous_dentition_ceod_V08_S07.jpeg,deciduous_dentition_ceod,8,7,71990,773091e32139f2f46afb446caf7f53cfdbaea6beea845fe9a1bda455d4abd576,
deciduous_dentition_ceod_V08_S08,data/raw/deciduous_dentition_ceod/deciduous_dentition_ceod_V08_S08.jpeg,deciduous_dentition_ceod,8,8,104784,59fa7e3e03cead9143a3e1462f864e225cd82d07e24e003005dd181ead4ad8fa,
deciduous_dentition_ceod_V08_S09,data/raw/deciduous_dentition_ceod/deciduous_dentition_ceod_V08_S09.jpeg,deciduous_dentition_ceod,8,9,61273,52f652a3bd43d899f70df5ea66684935ae9a000b0541e8dc045d156bc7530a9b,
deciduous_dentition_ceod_V09_S01,data/raw/deciduous_dentition_ceod/deciduous_dentition_ceod_V09_S01.jpeg,deciduous_dentition_ceod,9,1,66497,1e6c85aa3c32ed0dffeaac50c43e8709b690627c0afdb30af5417c7acc76357e,
deciduous_dentition_ceod_V09_S02,data/raw/deciduous_dentition_ceod/deciduous_dentition_ceod_V09_S02.jpeg,deciduous_dentition_ceod,9,2,126978,7139101a98fb4518111ec7f5f7761ea3b1232825ab56871b3998559e7153c89e,
deciduous_dentition_ceod_V09_S03,data/raw/deciduous_dentition_ceod/deciduous_dentition_ceod_V09_S03.jpeg,deciduous_dentition_ceod,9,3,34779,47fb044af890b83d9618b4154138aafc42ed1ac539f883b31bfafb574f23b817,
deciduous_dentition_ceod_V09_S04,data/raw/deciduous_dentition_ceod/deciduous_dentition_ceod_V09_S04.jpeg,deciduous_dentition_ceod,9,4,67365,dd0eb263406530daabf3eb137576d3afc8c4591f77a15f7ff284513f20a09b25,
deciduous_dentition_ceod_V09_S05,data/raw/deciduous_dentition_ceod/deciduous_dentition_ceod_V09_S05.jpeg,deciduous_dentition_ceod,9,5,130643,0839f50ac1571a8bbc3304e0efd4224af2958349b301f6c20c4e0713f8e57f5e,
deciduous_dentition_ceod_V09_S06,data/raw/deciduous_dentition_ceod/deciduous_dentition_ceod_V09_S06.jpeg,deciduous_dentition_ceod,9,6,75412,c460234cc7fd0480db00e2f53f61fcd3dc876dafec84e3ae935e3b442ae97daf,
deciduous_dentition_ceod_V09_S07,data/raw/deciduous_dentition_ceod/deciduous_dentition_ceod_V09_S07.jpeg,deciduous_dentition_ceod,9,7,91726,c8819fe78625570cbf8f6143aeeddc1a0a867cb6095b704d5967fe8c30d3f1f8,
deciduous_dentition_ceod_V09_S08,data/raw/deciduous_dentition_ceod/deciduous_dentition_ceod_V09_S08.jpeg,deciduous_dentition_ceod,9,8,56808,27292c91d87bec858789fcd1844b74bf20517d2ac25efe7acefb8ac8156239c0,
deciduous_dentition_ceod_V09_S09,data/raw/deciduous_dentition_ceod/deciduous_dentition_ceod_V09_S09.jpeg,deciduous_dentition_ceod,9,9,66364,40739f22d919b12bb0f2d737a3d0c660a9519aa50bca4013a82bbea32471f710,
deciduous_dentition_ceod_V10_S01,data/raw/deciduous_dentition_ceod/deciduous_dentition_ceod_V10_S01.jpeg,deciduous_dentition_ceod,10,1,96745,90f726e8fae5f8b59c1047e83562a043cdffab09bba98489c6bd71c9149ecafc,
deciduous_dentition_ceod_V10_S02,data/raw/deciduous_dentition_ceod/deciduous_dentition_ceod_V10_S02.jpeg,deciduous_dentition_ceod,10,2,111228,b98fd9973efd8b06bf9c1388e27afecf43374e282c4b48963813cd3d8f1851e6,
deciduous_dentition_ceod_V10_S03,data/raw/deciduous_dentition_ceod/deciduous_dentition_ceod_V10_S03.jpeg,deciduous_dentition_ceod,10,3,55797,c7e9ec35b556cff57e4f878241545f6d47921169777d3f1b2d432782b436e38c,
deciduous_dentition_ceod_V10_S04,data/raw/deciduous_dentition_ceod/deciduous_dentition_ceod_V10_S04.jpeg,deciduous_dentition_ceod,10,4,84031,8406e950230ae89e6f432e6df319c2c7203826345b5f3079a27df8ba6c9c0a9c,
deciduous_dentition_ceod_V10_S05,data/raw/deciduous_dentition_ceod/deciduous_dentition_ceod_V10_S05.jpeg,deciduous_dentition_ceod,10,5,102726,f490c7686b28cdfc924436f98f85379c79dfd862344b8821a110297c3c10adf8,
deciduous_dentition_ceod_V10_S06,data/raw/deciduous_dentition_ceod/deciduous_dentition_ceod_V10_S06.jpeg,deciduous_dentition_ceod,10,6,83118,bba1fa498c2474d1ba5b28413c3436e2204b0a4adad2fa353711f4edfca65c2f,
deciduous_dentition_ceod_V10_S07,data/raw/deciduous_dentition_ceod/deciduous_dentition_ceod_V10_S07.jpeg,deciduous_dentition_ceod,10,7,71056,71bf238291daccb6f7fb61b1aa95c45d09f055ce8738e72e80d5f53e30ce4462,
deciduous_dentition_ceod_V10_S08,data/raw/deciduous_dentition_ceod/deciduous_dentition_ceod_V10_S08.jpeg,deciduous_dentition_ceod,10,8,63409,1eeff9a14a678a7de438af266378ca0962bd38e5fb9afdb9078eb3fc93757817,
deciduous_dentition_ceod_V10_S09,data/raw/deciduous_dentition_ceod/deciduous_dentition_ceod_V10_S09.jpeg,deciduous_dentition_ceod,10,9,41586,6ba2317c34d6ddae9a0eb4bd522f994e0d77747822dfa5e194b65389895ce398,
deciduous_occlusion_V01_S01,data/raw/deciduous_occlusion/deciduous_occlusion_V01_S01.jpeg,deciduous_occlusion,1,1,152060,2d4c870ada009c660219b8895d5dc7f161b0c84e2b9473f36f42dd031cc20733,
deciduous_occlusion_V01_S02,data/raw/deciduous_occlusion/deciduous_occlusion_V01_S02.jpeg,deciduous_occlusion,1,2,180277,7a736396236cda0c045c3a07ac002194638187f388f709fe5073fc0e9ebb887c,
deciduous_occlusion_V01_S03,data/raw/deciduous_occlusion/deciduous_occlusion_V01_S03.jpeg,deciduous_occlusion,1,3,64018,d5867cf67f3ae3b1c724781efbfc03585d27e57a6659f391cd73ede1728a6220,
deciduous_occlusion_V01_S04,data/raw/deciduous_occlusion/deciduous_occlusion_V01_S04.jpeg,deciduous_occlusion,1,4,150790,0567d2641a6be9930230a31bdecf1c8fef23a6e9a19353323a753a0a5663301f,
deciduous_occlusion_V01_S05,data/raw/deciduous_occlusion/deciduous_occlusion_V01_S05.jpeg,deciduous_occlusion,1,5,165235,5b078398064f352a4ea6ddf2bc81487eda345cefcf600aed051b8db3b78ba3a9,
deciduous_occlusion_V01_S06,data/raw/deciduous_occlusion/deciduous_occlusion_V01_S06.jpeg,deciduous_occlusion,1,6,160699,7e39a0c95b91c8ae4d5b8092afdf72289885f80b5fafc1784ee0da8627db54a8,
deciduous_occlusion_V01_S07,data/raw/deciduous_occlusion/deciduous_occlusion_V01_S07.jpeg,deciduous_occlusion,1,7,117164,b881ca5cd5ea379430641e009317e69130fcd51bb6c46cf156e3f825c6440b24,
deciduous_occlusion_V01_S08,data/raw/deciduous_occlusion/deciduous_occlusion_V01_S08.jpeg,deciduous_occlusion,1,8,125804,2b90788c78eb69377d2cd48456a41d9fc9539121ef9067e8c8ccf0bde6f64676,
deciduous_occlusion_V02_S01,data/raw/deciduous_occlusion/deciduous_occlusion_V02_S01.jpeg,deciduous_occlusion,2,1,124140,7c9ffdcd70020c084320db7018f35060f0bd9a24bb477d892cf565dbab553e52,
deciduous_occlusion_V02_S02,data/raw/deciduous_occlusion/deciduous_occlusion_V02_S02.jpeg,deciduous_occlusion,2,2,100757,0a29d9a2a6c42871c4087f973c1199344e0b36f7f7d1dbfdf2d4deace2427e39,
deciduous_occlusion_V02_S03,data/raw/deciduous_occlusion/deciduous_occlusion_V02_S03.jpeg,deciduous_occlusion,2,3,94863,26acda692b3a4349aff19801220a629eafa4cd319acd3fe5ae471d54bafbec0e,
deciduous_occlusion_V02_S04,data/raw/deciduous_occlusion/deciduous_occlusion_V02_S04.jpeg,deciduous_occlusion,2,4,86131,e371f8f7f84ad4f9ce1029bebbbabf0934d13d1805761fc76aca976b8466e608,
deciduous_occlusion_V02_S05,data/raw/deciduous_occlusion/deciduous_occlusion_V02_S05.jpeg,deciduous_occlusion,2,5,105903,e29db5cdcbf058c7ce3f1eb5dcb04e74a106b0eb3e2a6c5fad9ad0241c348fab,
deciduous_occlusion_V02_S06,data/raw/deciduous_occlusion/deciduous_occlusion_V02_S06.jpeg,deciduous_occlusion,2,6,91781,86245ceef6a195b9b4efa1dbe497edb2de33a33b71304f20cde44edbe0fec095,
deciduous_occlusion_V02_S07,data/raw/deciduous_occlusion/deciduous_occlusion_V02_S07.jpeg,deciduous_occlusion,2,7,166672,63ecaf4d3a1497441ca6c614946d6ec142aa23f3a3c0c3f8ed767dd54aff2f7a,
deciduous_occlusion_V02_S08,data/raw/deciduous_occlusion/deciduous_occlusion_V02_S08.jpeg,deciduous_occlusion,2,8,149020,fdfac1b316496315dc5a71a0e2934c3a0b662579a55547e55c9c8aea0df071c3,
deciduous_occlusion_V02_S09,data/raw/deciduous_occlusion/deciduous_occlusion_V02_S09.jpeg,deciduous_occlusion,2,9,155268,b28c7059820a8453a91afa7af2c6e8aa47beff62b16e88b81eb060370608f310,
deciduous_occlusion_V03_S01,data/raw/deciduous_occlusion/deciduous_occlusion_V03_S01.jpeg,deciduous_occlusion,3,1,180743,772aa8cfe479f2998676523d11b145a09e21f942fc89cf0ce9750931b1d54a09,
deciduous_occlusion_V03_S02,data/raw/deciduous_occlusion/deciduous_occlusion_V03_S02.jpeg,deciduous_occlusion,3,2,188308,9dc7ba38904a91e244de75567bf0d3aa8faf442c7def818dd98da90549b8dc4c,
deciduous_occlusion_V03_S03,data/raw/deciduous_occlusion/deciduous_occlusion_V03_S03.jpeg,deciduous_occlusion,3,3,96677,48ded49059bd98f8f03e0553a40945f52e4450bc1f841d5aa6e7174274e54f1c,
deciduous_occlusion_V03_S04,data/raw/deciduous_occlusion/deciduous_occlusion_V03_S04.jpeg,deciduous_occlusion,3,4,158490,d7529e29de2d818596e5aee4c58dcfb90f6ad432f03b6315adf9d9e85c8ce547,
deciduous_occlusion_V03_S05,data/raw/deciduous_occlusion/deciduous_occlusion_V03_S05.jpeg,deciduous_occlusion,3,5,197236,f16a0179698d7925b2944e0d852e4f9b3ff35b4a034839c4bd0ef0ee92dbef54,
deciduous_occlusion_V03_S06,data/raw/deciduous_occlusion/deciduous_occlusion_V03_S06.jpeg,deciduous_occlusion,3,6,202654,b34955eb3092cca4051df20dcf98df2b2d21d61ef5e2794e72b14cdf7d51757a,
deciduous_occlusion_V03_S07,data/raw/deciduous_occlusion/deciduous_occlusion_V03_S07.jpeg,deciduous_occlusion,3,7,195107,a8c5af9373367ec39914b53406e03415acc535af79c0a121fb4a9df8a78d49e0,
deciduous_occlusion_V03_S08,data/raw/deciduous_occlusion/deciduous_occlusion_V03_S08.jpeg,deciduous_occlusion,3,8,197452,822a42f37fe19128fd572131c8daa53ce40d146c9b794c5f7d6a1dc80af2456b,
deciduous_occlusion_V03_S09,data/raw/deciduous_occlusion/deciduous_occlusion_V03_S09.jpeg,deciduous_occlusion,3,9,196742,408b5bd74bce58a6ccfa8e61594d461cc26c9f3dc8311ba895e25b775c31bd8c,
deciduous_occlusion_V04_S01,data/raw/deciduous_occlusion/deciduous_occlusion_V04_S01.jpeg,deciduous_occlusion,4,1,89793,b5792e8778e5d6f4aac4b3aaefee4bfe7696571f2ba47d31eb437a174a6c1341,
deciduous_occlusion_V04_S02,data/raw/deciduous_occlusion/deciduous_occlusion_V04_S02.jpeg,deciduous_occlusion,4,2,101762,cbe5079e84b31460179593de4757acf4997b39af42fe91d9e97061908522b071,
deciduous_occlusion_V04_S03,data/raw/deciduous_occlusion/deciduous_occlusion_V04_S03.jpeg,deciduous_occlusion,4,3,59643,f4ce74dc3d4fb1872e6640d46b1e70cf2924b1546416cd69d0b9feb9ae2bf3e6,
deciduous_occlusion_V04_S04,data/raw/deciduous_occlusion/deciduous_occlusion_V04_S04.jpeg,deciduous_occlusion,4,4,65578,61333a3bc65fcf25ba65256b818443a508e7334e4526b7308fc3e9284eae3b98,
deciduous_occlusion_V04_S05,data/raw/deciduous_occlusion/deciduous_occlusion_V04_S05.jpeg,deciduous_occlusion,4,5,49752,49743d920be7320a5ae3c779a66d648dbe8b7b091532ff4b337e1bf6ef493955,
deciduous_occlusion_V04_S06,data/raw/deciduous_occlusion/deciduous_occlusion_V04_S06.jpeg,deciduous_occlusion,4,6,60695,772c289c521e4d52f7a4bbd4b7b0612277d0c8d0eada7484c8902b820ed2084e,
deciduous_occlusion_V04_S07,data/raw/deciduous_occlusion/deciduous_occlusion_V04_S07.jpeg,deciduous_occlusion,4,7,80760,2c207ae5fc4038217133875c60eb5198a92bede05ce3c37a80d2678e9d8737b1,
deciduous_occlusion_V04_S08,data/raw/deciduous_occlusion/deciduous_occlusion_V04_S08.jpeg,deciduous_occlusion,4,8,94791,67e88407652b171742732ce2558e90574f12cd8eeedbb6927f1a3bcbdbb431ce,
deciduous_occlusion_V04_S09,data/raw/deciduous_occlusion/deciduous_occlusion_V04_S09.jpeg,deciduous_occlusion,4,9,70071,ed6a4811abc4fc26c4fc7d661d43298f4f5ec68e06abdcba3fc2c5c4d00265f6,
deciduous_occlusion_V04_S10,data/raw/deciduous_occlusion/deciduous_occlusion_V04_S10.jpeg,deciduous_occlusion,4,10,73011,99f3d1d10a925876ddcb814c9c23ce8ffb706a2561b461d34dfe1818f0e31a5f,
deciduous_occlusion_V05_S01,data/raw/deciduous_occlusion/deciduous_occlusion_V05_S01.jpeg,deciduous_occlusion,5,1,97014,ec1ae773498249d6ae63a3925762ad23c4db566ae4bb09837179e4a7f23acba2,
deciduous_occlusion_V05_S02,data/raw/deciduous_occlusion/deciduous_occlusion_V05_S02.jpeg,deciduous_occlusion,5,2,93422,e12a7c3256bd80cdaee29cfa314e29012377aa650206b211c2c2cb063fe24fa1,
deciduous_occlusion_V05_S03,data/raw/deciduous_occlusion/deciduous_occlusion_V05_S03.jpeg,deciduous_occlusion,5,3,76857,c305ac4017ed830d6eab9e9683f172b5a8d2efa1a2e999e0f922550907d1f486,
deciduous_occlusion_V05_S04,data/raw/deciduous_occlusion/deciduous_occlusion_V05_S04.jpeg,deciduous_occlusion,5,4,54056,9388aa91d1bab83af23fde46472a6c8fabf984469514f6bf6ee261858f504c9c,
deciduous_occlusion_V05_S05,data/raw/deciduous_occlusion/deciduous_occlusion_V05_S05.jpeg,deciduous_occlusion,5,5,77635,c49e96dac7a7cb3fa536a9e1098332b4fe564980a799f38938b362701daf071e,
deciduous_occlusion_V05_S06,data/raw/deciduous_occlusion/deciduous_occlusion_V05_S06.jpeg,deciduous_occlusion,5,6,76662,bd38c183446f1a62c62e60193c9fa5f86f51b83315d34c8bb6f2545d22493961,
deciduous_occlusion_V05_S07,data/raw/deciduous_occlusion/deciduous_occlusion_V05_S07.jpeg,deciduous_occlusion,5,7,155622,984c2d137481abdd97231b5555fe1db34533e7b23329127c3befa7723a7c8b40,
deciduous_occlusion_V05_S08,data/raw/deciduous_occlusion/deciduous_occlusion_V05_S08.jpeg,deciduous_occlusion,5,8,122032,d52d3660c1179ddb3d1283dc093df74225155174c977d7b35569a457376c45f5,
deciduous_occlusion_V05_S09,data/raw/deciduous_occlusion/deciduous_occlusion_V05_S09.jpeg,deciduous_occlusion,5,9,92367,fd975f1c0a062b4184d621053ebf6de2a1cfaa260f347aa7109754e7732a6284,
deciduous_occlusion_V05_S10,data/raw/deciduous_occlusion/deciduous_occlusion_V05_S10.jpeg,deciduous_occlusion,5,10,126338,fc4a2b8345aff2f2019115d57cc614d392d7343eea7a7464a6a78b51180da6f9,
deciduous_occlusion_V05_S11,data/raw/deciduous_occlusion/deciduous_occlusion_V05_S11.jpeg,deciduous_occlusion,5,11,114494,158434657ba8b1ba0090b5a39d59eebe9aeeb8c479e3b016ef0705205026a422,
deciduous_occlusion_V06_S01,data/raw/deciduous_occlusion/deciduous_occlusion_V06_S01.jpeg,deciduous_occlusion,6,1,78852,9117f814b28feabd7adc917217f4a8df5b2e0207088600391df0320a4016c2cd,
deciduous_occlusion_V06_S02,data/raw/deciduous_occlusion/deciduous_occlusion_V06_S02.jpeg,deciduous_occlusion,6,2,58065,3d7fd3be256623453a3cf8ca594b0e2ae29fb3fd0ebc36cdf1e6a864a4cf3e77,
deciduous_occlusion_V06_S03,data/raw/deciduous_occlusion/deciduous_occlusion_V06_S03.jpeg,deciduous_occlusion,6,3,55089,de0de0ec02da4b6a4702ab70671433e29f8ece446a129baa05d7bf3315dd9ed3,
deciduous_occlusion_V06_S04,data/raw/deciduous_occlusion/deciduous_occlusion_V06_S04.jpeg,deciduous_occlusion,6,4,78443,f641cff8a623a805c3d198caf2b177b7a33541d9aace79451b822e702db238e6,
deciduous_occlusion_V06_S05,data/raw/deciduous_occlusion/deciduous_occlusion_V06_S05.jpeg,deciduous_occlusion,6,5,53308,0665de743c9e185db543cdee79ad515baffc1760995372c712e656403077df82,
deciduous_occlusion_V06_S06,data/raw/deciduous_occlusion/deciduous_occlusion_V06_S06.jpeg,deciduous_occlusion,6,6,101770,a44017d8490faf02bbccd99b1d7575ed6e249a9378bc2f4532caa14e9f9c89a4,
deciduous_occlusion_V06_S07,data/raw/deciduous_occlusion/deciduous_occlusion_V06_S07.jpeg,deciduous_occlusion,6,7,69574,e932b7b5fe518b9a81709b48f31727bdecc4f502d7fff2439747c136d725fb17,
deciduous_occlusion_V06_S08,data/raw/deciduous_occlusion/deciduous_occlusion_V06_S08.jpeg,deciduous_occlusion,6,8,71083,5d1ed04d4ded4549a6c41ddb2a90156186b9a4cef5c709454dfd48fbdc2902e4,
deciduous_occlusion_V06_S09,data/raw/deciduous_occlusion/deciduous_occlusion_V06_S09.jpeg,deciduous_occlusion,6,9,86445,ed0451f9962bb223310bd1a3eb963c26db26f056c31b86fdfd67e708ece4e73a,
deciduous_occlusion_V06_S10,data/raw/deciduous_occlusion/deciduous_occlusion_V06_S10.jpeg,deciduous_occlusion,6,10,95776,0b20c1332c9fd1f58e3c77050dc8119805e21ed5aa8babbf5dccdaa8cd63f753,
deciduous_occlusion_V07_S01,data/raw/deciduous_occlusion/deciduous_occlusion_V07_S01.jpeg,deciduous_occlusion,7,1,55942,0c0dc8af9dab3d2e813ee45bd1fb91d121e4f41dd1bdc38b7ca298fcaa604344,
deciduous_occlusion_V07_S02,data/raw/deciduous_occlusion/deciduous_occlusion_V07_S02.jpeg,deciduous_occlusion,7,2,53008,1fba361dcd5932520b52833c1db3b398daa6ad1c7935063834fc2eebdabdeeea,
deciduous_occlusion_V07_S03,data/raw/deciduous_occlusion/deciduous_occlusion_V07_S03.jpeg,deciduous_occlusion,7,3,100853,ee78306aa805f7376d37e4088523012efd35e976883bfb1b12c75f31a8d576e3,
deciduous_occlusion_V07_S04,data/raw/deciduous_occlusion/deciduous_occlusion_V07_S04.jpeg,deciduous_occlusion,7,4,65311,c57097ec44f8bcc87caea6ad06176bc3ab18c30dd33f76a158bdd2a13651917c,
deciduous_occlusion_V07_S05,data/raw/deciduous_occlusion/deciduous_occlusion_V07_S05.jpeg,deciduous_occlusion,7,5,88613,6e49797338b07e383990a8b8f67d1f20279f8ee809a017d0b664b84212c47d71,
deciduous_occlusion_V07_S06,data/raw/deciduous_occlusion/deciduous_occlusion_V07_S06.jpeg,deciduous_occlusion,7,6,94737,1f0539d935649f03974b628900ed6f3fc58da3f3bb5537958105830aca682f23,
deciduous_occlusion_V07_S07,data/raw/deciduous_occlusion/deciduous_occlusion_V07_S07.jpeg,deciduous_occlusion,7,7,91954,065d7646fb29f48409ef1534013ecf2cf1eed057e1465ef05481be35a15765b2,
deciduous_occlusion_V07_S08,data/raw/deciduous_occlusion/deciduous_occlusion_V07_S08.jpeg,deciduous_occlusion,7,8,91455,10e147f2ecd769af1629ccc298202617c80c3621683448ef8b86ba6f326569c6,
deciduous_occlusion_V07_S09,data/raw/deciduous_occlusion/deciduous_occlusion_V07_S09.jpeg,deciduous_occlusion,7,9,110861,6adbe210aae8bc53b0a92cea350f633f4769d6ed07af67bdfad19565bd4f0c5c,
deciduous_occlusion_V08_S01,data/raw/deciduous_occlusion/deciduous_occlusion_V08_S01.jpeg,deciduous_occlusion,8,1,110499,417c3b772a1c0d45293b165bb2b533b9e8e7d0a3f030d9a44b8ce62ab9668151,
deciduous_occlusion_V08_S02,data/raw/deciduous_occlusion/deciduous_occlusion_V08_S02.jpeg,deciduous_occlusion,8,2,101755,48f4ca32aabd061f2f5d440469b0c9c41d2c9f01d66eecb9c0c420a10da1a723,
deciduous_occlusion_V08_S03,data/raw/deciduous_occlusion/deciduous_occlusion_V08_S03.jpeg,deciduous_occlusion,8,3,50629,691ef27850874fc0f94e72781a7c615dfde0e11cf53fd583c5dcd5ef7c897bda,
deciduous_occlusion_V08_S04,data/raw/deciduous_occlusion/deciduous_occlusion_V08_S04.jpeg,deciduous_occlusion,8,4,60488,1561157229ffccda59b90b0446c56e34e353eaf73a4bede854bb5689e41eb93d,
deciduous_occlusion_V08_S05,data/raw/deciduous_occlusion/deciduous_occlusion_V08_S05.jpeg,deciduous_occlusion,8,5,69878,282a8382fcc8eb00f3da640548bb7942004512f838ed504f5ce6626b68ab5bdd,
deciduous_occlusion_V08_S06,data/raw/deciduous_occlusion/deciduous_occlusion_V08_S06.jpeg,deciduous_occlusion,8,6,81817,d64ae2dd676694897792b016cfa2382b155e5e9330f8fba5e01602a17b40b6b1,
deciduous_occlusion_V08_S07,data/raw/deciduous_occlusion/deciduous_occlusion_V08_S07.jpeg,deciduous_occlusion,8,7,71990,773091e32139f2f46afb446caf7f53cfdbaea6beea845fe9a1bda455d4abd576,
deciduous_occlusion_V08_S08,data/raw/deciduous_occlusion/deciduous_occlusion_V08_S08.jpeg,deciduous_occlusion,8,8,104784,59fa7e3e03cead9143a3e1462f864e225cd82d07e24e003005dd181ead4ad8fa,
deciduous_occlusion_V08_S09,data/raw/deciduous_occlusion/deciduous_occlusion_V08_S09.jpeg,deciduous_occlusion,8,9,61273,52f652a3bd43d899f70df5ea66684935ae9a000b0541e8dc045d156bc7530a9b,
deciduous_occlusion_V09_S01,data/raw/deciduous_occlusion/deciduous_occlusion_V09_S01.jpeg,deciduous_occlusion,9,1,66497,1e6c85aa3c32ed0dffeaac50c43e8709b690627c0afdb30af5417c7acc76357e,
deciduous_occlusion_V09_S02,data/raw/deciduous_occlusion/deciduous_occlusion_V09_S02.jpeg,deciduous_occlusion,9,2,126978,7139101a98fb4518111ec7f5f7761ea3b1232825ab56871b3998559e7153c89e,
deciduous_occlusion_V09_S03,data/raw/deciduous_occlusion/deciduous_occlusion_V09_S03.jpeg,deciduous_occlusion,9,3,34779,47fb044af890b83d9618b4154138aafc42ed1ac539f883b31bfafb574f23b817,
deciduous_occlusion_V09_S04,data/raw/deciduous_occlusion/deciduous_occlusion_V09_S04.jpeg,deciduous_occlusion,9,4,67365,dd0eb263406530daabf3eb137576d3afc8c4591f77a15f7ff284513f20a09b25,
deciduous_occlusion_V09_S05,data/raw/deciduous_occlusion/deciduous_occlusion_V09_S05.jpeg,deciduous_occlusion,9,5,130643,0839f50ac1571a8bbc3304e0efd4224af2958349b301f6c20c4e0713f8e57f5e,
deciduous_occlusion_V09_S06,data/raw/deciduous_occlusion/deciduous_occlusion_V09_S06.jpeg,deciduous_occlusion,9,6,75412,c460234cc7fd0480db00e2f53f61fcd3dc876dafec84e3ae935e3b442ae97daf,
deciduous_occlusion_V09_S07,data/raw/deciduous_occlusion/deciduous_occlusion_V09_S07.jpeg,deciduous_occlusion,9,7,91726,c8819fe78625570cbf8f6143aeeddc1a0a867cb6095b704d5967fe8c30d3f1f8,
deciduous_occlusion_V09_S08,data/raw/deciduous_occlusion/deciduous_occlusion_V09_S08.jpeg,deciduous_occlusion,9,8,56808,27292c91d87bec858789fcd1844b74bf20517d2ac25efe7acefb8ac8156239c0,
deciduous_occlusion_V09_S09,data/raw/deciduous_occlusion/deciduous_occlusion_V09_S09.jpeg,deciduous_occlusion,9,9,66364,40739f22d919b12bb0f2d737a3d0c660a9519aa50bca4013a82bbea32471f710,
deciduous_occlusion_V10_S01,data/raw/deciduous_occlusion/deciduous_occlusion_V10_S01.jpeg,deciduous_occlusion,10,1,96745,90f726e8fae5f8b59c1047e83562a043cdffab09bba98489c6bd71c9149ecafc,
deciduous_occlusion_V10_S02,data/raw/deciduous_occlusion/deciduous_occlusion_V10_S02.jpeg,deciduous_occlusion,10,2,111228,b98fd9973efd8b06bf9c1388e27afecf43374e282c4b48963813cd3d8f1851e6,
deciduous_occlusion_V10_S03,data/raw/deciduous_occlusion/deciduous_occlusion_V10_S03.jpeg,deciduous_occlusion,10,3,55797,c7e9ec35b556cff57e4f878241545f6d47921169777d3f1b2d432782b436e38c,
deciduous_occlusion_V10_S04,data/raw/deciduous_occlusion/deciduous_occlusion_V10_S04.jpeg,deciduous_occlusion,10,4,84031,8406e950230ae89e6f432e6df319c2c7203826345b5f3079a27df8ba6c9c0a9c,
deciduous_occlusion_V10_S05,data/raw/deciduous_occlusion/deciduous_occlusion_V10_S05.jpeg,deciduous_occlusion,10,5,102726,f490c7686b28cdfc924436f98f85379c79dfd862344b8821a110297c3c10adf8,
deciduous_occlusion_V10_S06,data/raw/deciduous_occlusion/deciduous_occlusion_V10_S06.jpeg,deciduous_occlusion,10,6,83118,bba1fa498c2474d1ba5b28413c3436e2204b0a4adad2fa353711f4edfca65c2f,
deciduous_occlusion_V10_S07,data/raw/deciduous_occlusion/deciduous_occlusion_V10_S07.jpeg,deciduous_occlusion,10,7,71056,71bf238291daccb6f7fb61b1aa95c45d09f055ce8738e72e80d5f53e30ce4462,
deciduous_occlusion_V10_S08,data/raw/deciduous_occlusion/deciduous_occlusion_V10_S08.jpeg,deciduous_occlusion,10,8,63409,1eeff9a14a678a7de438af266378ca0962bd38e5fb9afdb9078eb3fc93757817,
deciduous_occlusion_V10_S09,data/raw/deciduous_occlusion/deciduous_occlusion_V10_S09.jpeg,deciduous_occlusion,10,9,41586,6ba2317c34d6ddae9a0eb4bd522f994e0d77747822dfa5e194b65389895ce398,
permanent_dentition_CPOD_V01_S01,data/raw/permanent_dentition_CPOD/permanent_dentition_CPOD_V01_S01.jpeg,permanent_dentition_CPOD,1,1,152508,ea113dbacce3c461c2abaccd6655d48d368d172b7a4bfe354fe48aea06ffff26,
permanent_dentition_CPOD_V01_S02,data/raw/permanent_dentition_CPOD/permanent_dentition_CPOD_V01_S02.jpeg,permanent_dentition_CPOD,1,2,160278,cea86225aff01b597dcf5b71019be593649775a7b8ba4f34b07646a5753fce90,
permanent_dentition_CPOD_V01_S03,data/raw/permanent_dentition_CPOD/permanent_dentition_CPOD_V01_S03.jpeg,permanent_dentition_CPOD,1,3,158285,1fdabe421a922bad2168b165ac5a6db25e067a4e100a0ffe131137388269ee93,
permanent_dentition_CPOD_V01_S04,data/raw/permanent_dentition_CPOD/permanent_dentition_CPOD_V01_S04.jpeg,permanent_dentition_CPOD,1,4,88226,3f1f43808706d2a129d6b40480a7ba58615b8a333b8a7b4f1b8a25f034d62cbf,
permanent_dentition_CPOD_V01_S05,data/raw/permanent_dentition_CPOD/permanent_dentition_CPOD_V01_S05.jpeg,permanent_dentition_CPOD,1,5,128121,0bb1c62fe60ef71810bcfef446236ceb1cac797426eb0019957241f3bf8deab7,
permanent_dentition_CPOD_V01_S06,data/raw/permanent_dentition_CPOD/permanent_dentition_CPOD_V01_S06.jpeg,permanent_dentition_CPOD,1,6,121969,849a435098015d541387ce2a03946fc86db4bcefbee65a0f442018fd58016489,
permanent_dentition_CPOD_V01_S07,data/raw/permanent_dentition_CPOD/permanent_dentition_CPOD_V01_S07.jpeg,permanent_dentition_CPOD,1,7,161065,404ab7f65bde2954f71a403729f0eae3e3e0d376a2998771ccedf14b2a182c9c,
permanent_dentition_CPOD_V01_S08,data/raw/permanent_dentition_CPOD/permanent_dentition_CPOD_V01_S08.jpeg,permanent_dentition_CPOD,1,8,93166,b6936835900204584a976367a5a2372480285264a6858125de1bd4b549eb0d9a,
permanent_dentition_CPOD_V01_S09,data/raw/permanent_dentition_CPOD/permanent_dentition_CPOD_V01_S09.jpeg,permanent_dentition_CPOD,1,9,153452,d01732e4066124c49901c16e1f29c1929c0aee40b7e1808dd4ffbce6a00b43ac,
permanent_dentition_CPOD_V01_S10,data/raw/permanent_dentition_CPOD/permanent_dentition_CPOD_V01_S10.jpeg,permanent_dentition_CPOD,1,10,149792,86bd1c5c3f2f36fa32bbdfa76604e26c58a96c4d0400b02cb4e833defa6f86ef,
permanent_dentition_CPOD_V01_S11,data/raw/permanent_dentition_CPOD/permanent_dentition_CPOD_V01_S11.jpeg,permanent_dentition_CPOD,1,11,164022,16a61b6db6ecef9f8732446e4b3d99a8d85d263da39c7ea31975a79a4367a6fc,
permanent_dentition_CPOD_V01_S12,data/raw/permanent_dentition_CPOD/permanent_dentition_CPOD_V01_S12.jpeg,permanent_dentition_CPOD,1,12,148136,efad178f26c07f80df3a9aca9b852b67e7ed6223831ab98b8b99eb5ecf5c31fb,
permanent_dentition_CPOD_V02_S01,data/raw/permanent_dentition_CPOD/permanent_dentition_CPOD_V02_S01.jpeg,permanent_dentition_CPOD,2,1,143126,a870a4a60af52a326264063f8db6501c3b084f061d8a1b1266582dfb969c1aa3,
permanent_dentition_CPOD_V02_S02,data/raw/permanent_dentition_CPOD/permanent_dentition_CPOD_V02_S02.jpeg,permanent_dentition_CPOD,2,2,136416,9e831b9058ee471a4837a6cdd0a0f461db608d07717a833f51ecfde5630d4af5,
permanent_dentition_CPOD_V02_S03,data/raw/permanent_dentition_CPOD/permanent_dentition_CPOD_V02_S03.jpeg,permanent_dentition_CPOD,2,3,180347,a8c3d4600b39a7cbe6bc465ae23345b70ad90108a0af42cfdc3a28812239a702,
permanent_dentition_CPOD_V02_S04,data/raw/permanent_dentition_CPOD/permanent_dentition_CPOD_V02_S04.jpeg,permanent_dentition_CPOD,2,4,164629,71b1b6b44698c7db8448b40706e8197abcacce77f3000e9260dbc59adeb0f137,
permanent_dentition_CPOD_V02_S05,data/raw/permanent_dentition_CPOD/permanent_dentition_CPOD_V02_S05.jpeg,permanent_dentition_CPOD,2,5,109773,c37042c80b4e5ce23588867d71b2ac8671b3c8a786dce71b423b3a347fda53b6,
permanent_dentition_CPOD_V02_S06,data/raw/permanent_dentition_CPOD/permanent_dentition_CPOD_V02_S06.jpeg,permanent_dentition_CPOD,2,6,111936,5a0dd4971e76a5a1ef3c3d2d91b23060f395c0ae8c2423deb5b85c968798acdb,
permanent_dentition_CPOD_V02_S07,data/raw/permanent_dentition_CPOD/permanent_dentition_CPOD_V02_S07.jpeg,permanent_dentition_CPOD,2,7,109461,45f091083ea6daa1aaf4f1ed714f78eaaf58ac3438fecaf4d8eba1d521bd0e6a,
permanent_dentition_CPOD_V02_S08,data/raw/permanent_dentition_CPOD/permanent_dentition_CPOD_V02_S08.jpeg,permanent_dentition_CPOD,2,8,167378,8eca4f0fc8fd829e4b969c056efb7de6638de829a78ff2c939cd836db78d4b8e,
permanent_dentition_CPOD_V02_S09,data/raw/permanent_dentition_CPOD/permanent_dentition_CPOD_V02_S09.jpeg,permanent_dentition_CPOD,2,9,174402,03de90266017fea4de74b06a80010848e7cb507029c5b04d0dfd84612ce91799,
permanent_dentition_CPOD_V02_S10,data/raw/permanent_dentition_CPOD/permanent_dentition_CPOD_V02_S10.jpeg,permanent_dentition_CPOD,2,10,138645,352d270e597c2cfabfe190302487d2666e2cc8ec4a40f3f094a179c5d7112301,
permanent_dentition_CPOD_V02_S11,data/raw/permanent_dentition_CPOD/permanent_dentition_CPOD_V02_S11.jpeg,permanent_dentition_CPOD,2,11,166355,e6fdc1c5450a7d3bd68f7be672cd8b9d9a7910834eb01d7fc55221634147a98c,
permanent_dentition_CPOD_V02_S12,data/raw/permanent_dentition_CPOD/permanent_dentition_CPOD_V02_S12.jpeg,permanent_dentition_CPOD,2,12,168030,f4b99f2fb6c93983070bd23f8c33db410953228990fa15f9b3cdd0a9b849f2f0,
permanent_dentition_CPOD_V02_S13,data/raw/permanent_dentition_CPOD/permanent_dentition_CPOD_V02_S13.jpeg,permanent_dentition_CPOD,2,13,148796,0a0cb7485de99193aa7b18f01b019692b285dee7d61cfc55078738b09a7bc132,
permanent_dentition_CPOD_V03_S01,data/raw/permanent_dentition_CPOD/permanent_dentition_CPOD_V03_S01.jpeg,permanent_dentition_CPOD,3,1,149515,18e1117a6b0896d8c9edcb14ef5870c83267c5ce5de4b732c1022da666592741,
permanent_dentition_CPOD_V03_S02,data/raw/permanent_dentition_CPOD/permanent_dentition_CPOD_V03_S02.jpeg,permanent_dentition_CPOD,3,2,92132,370416031bf299ba72c636b6c2cd5ce93ab3374d7bc7f2ca90a31596a91ea2b3,
permanent_dentition_CPOD_V03_S03,data/raw/permanent_dentition_CPOD/permanent_dentition_CPOD_V03_S03.jpeg,permanent_dentition_CPOD,3,3,115579,d288dc86930d6a61e1fa0d82c1fa88bf2b431712b8658a3588e455fc1624986e,
permanent_dentition_CPOD_V03_S04,data/raw/permanent_dentition_CPOD/permanent_dentition_CPOD_V03_S04.jpeg,permanent_dentition_CPOD,3,4,97781,586b19fa848e8f72ecbab9736214f96f3aaa57cf2952b12100470c1cbffc7898,
permanent_dentition_CPOD_V03_S05,data/raw/permanent_dentition_CPOD/permanent_dentition_CPOD_V03_S05.jpeg,permanent_dentition_CPOD,3,5,169350,ab400af635d29d482862ffc1fe049bc66495cb18649646511d18d1f912448f8b,
permanent_dentition_CPOD_V03_S06,data/raw/permanent_dentition_CPOD/permanent_dentition_CPOD_V03_S06.jpeg,permanent_dentition_CPOD,3,6,114368,c2b105340a85a2f86ed0cc39c4156b6e252095787121dc0405ca67214bc27d0c,
permanent_dentition_CPOD_V03_S07,data/raw/permanent_dentition_CPOD/permanent_dentition_CPOD_V03_S07.jpeg,permanent_dentition_CPOD,3,7,178029,202bd43711fcb65448c804ccfd7e41095e130b06e2b0c700861c9d24caf6e586,
permanent_dentition_CPOD_V03_S08,data/raw/permanent_dentition_CPOD/permanent_dentition_CPOD_V03_S08.jpeg,permanent_dentition_CPOD,3,8,186400,4534f02892dd5c9d73ffa16bda85dba40c40ee1e8883e7ebce8044961c9a4f9d,
permanent_dentition_CPOD_V03_S09,data/raw/permanent_dentition_CPOD/permanent_dentition_CPOD_V03_S09.jpeg,permanent_dentition_CPOD,3,9,122868,706c16e8e69d5a3e31a3df24818c744f20948e7241e1098d82a0bf2784b06995,
permanent_dentition_CPOD_V03_S10,data/raw/permanent_dentition_CPOD/permanent_dentition_CPOD_V03_S10.jpeg,permanent_dentition_CPOD,3,10,110359,bef2a498752eada84f7f545af9c694ec6b9d04320cedf966f22a69ee552a1e6b,
permanent_dentition_CPOD_V03_S11,data/raw/permanent_dentition_CPOD/permanent_dentition_CPOD_V03_S11.jpeg,permanent_dentition_CPOD,3,11,145880,a505663cff7cc94b28be66177af1a5f28d79d18f89d9eb58cd602323b53a2673,
permanent_dentition_CPOD_V03_S12,data/raw/permanent_dentition_CPOD/permanent_dentition_CPOD_V03_S12.jpeg,permanent_dentition_CPOD,3,12,123772,73309ed49ade85214baac4531ba5a489277ac7b83652876950a407dfe13cc9af,
permanent_dentition_CPOD_V04_S01,data/raw/permanent_dentition_CPOD/permanent_dentition_CPOD_V04_S01.jpeg,permanent_dentition_CPOD,4,1,166800,442960ca0ffbe8a1c61885c43f7489fa29c4a0bcc4910e6f4aec3a2cd9f1ecdd,
permanent_dentition_CPOD_V04_S02,data/raw/permanent_dentition_CPOD/permanent_dentition_CPOD_V04_S02.jpeg,permanent_dentition_CPOD,4,2,222732,5321270525ac2ea8a752acbff7f80cd363e18842193b9c69ca9efbaf119cdfa1,
permanent_dentition_CPOD_V04_S03,data/raw/permanent_dentition_CPOD/permanent_dentition_CPOD_V04_S03.jpeg,permanent_dentition_CPOD,4,3,199768,9f2ac84357077e1a7d14d908cf05aade0fea915537fdb84c45a7535d2db1c603,
permanent_dentition_CPOD_V04_S04,data/raw/permanent_dentition_CPOD/permanent_dentition_CPOD_V04_S04.jpeg,permanent_dentition_CPOD,4,4,180109,41819ccae817561299137ef8fa69f50b90f5b52641a04e4fbdc0565b42b0e42f,
permanent_dentition_CPOD_V04_S05,data/raw/permanent_dentition_CPOD/permanent_dentition_CPOD_V04_S05.jpeg,permanent_dentition_CPOD,4,5,139519,5289904a3cb8ca27fc26b6cc26b735bab84878819da73b4040ab9ce0273b2bc0,
permanent_dentition_CPOD_V04_S06,data/raw/permanent_dentition_CPOD/permanent_dentition_CPOD_V04_S06.jpeg,permanent_dentition_CPOD,4,6,196694,f7804d452702a1478f895fffc84e837f3be8054a59d572442010332f0fdc9587,
permanent_dentition_CPOD_V04_S07,data/raw/permanent_dentition_CPOD/permanent_dentition_CPOD_V04_S07.jpeg,permanent_dentition_CPOD,4,7,140259,c624555c01cccaf3369120d0f1d236f70a82ba23748ed37bc5784b6054979e5a,
permanent_dentition_CPOD_V04_S08,data/raw/permanent_dentition_CPOD/permanent_dentition_CPOD_V04_S08.jpeg,permanent_dentition_CPOD,4,8,149273,79a185e8f6dbf6c8d3236b6a0f91730acd8f286c1bc5ef53f872d4eb7f04c2f8,
permanent_dentition_CPOD_V04_S09,data/raw/permanent_dentition_CPOD/permanent_dentition_CPOD_V04_S09.jpeg,permanent_dentition_CPOD,4,9,201730,e797d9edc23ab1faef22c12c5689988a9f49d7688085cf83e10dab81494f64b5,
permanent_dentition_CPOD_V04_S10,data/raw/permanent_dentition_CPOD/permanent_dentition_CPOD_V04_S10.jpeg,permanent_dentition_CPOD,4,10,191667,491f7cb1c2c31004d9125c17497036e0e81a14c18fe154e4e034ec1b432514c4,
permanent_dentition_CPOD_V04_S11,data/raw/permanent_dentition_CPOD/permanent_dentition_CPOD_V04_S11.jpeg,permanent_dentition_CPOD,4,11,189410,3c0cf8417ecb058f55f42058f0b4fbb52b22fbacce0ed2372aac675dfcbe9f1d,
permanent_dentition_CPOD_V04_S12,data/raw/permanent_dentition_CPOD/permanent_dentition_CPOD_V04_S12.jpeg,permanent_dentition_CPOD,4,12,214732,03a9e72a6042aec9a345f4c497079744c03dc5cc46d8ea6b713c24665aefd7e9,
permanent_dentition_CPOD_V05_S01,data/raw/permanent_dentition_CPOD/permanent_dentition_CPOD_V05_S01.jpeg,permanent_dentition_CPOD,5,1,134968,3158544a2ce6e18ff4c6baaf3bd64e543ed882c8608e1611d680ef48faefc9aa,
permanent_dentition_CPOD_V05_S02,data/raw/permanent_dentition_CPOD/permanent_dentition_CPOD_V05_S02.jpeg,permanent_dentition_CPOD,5,2,157807,7168ac25d2d4248db5470dc73ebc80d5f32a71781255122d2e7aa6f42925511f,
permanent_dentition_CPOD_V05_S03,data/raw/permanent_dentition_CPOD/permanent_dentition_CPOD_V05_S03.jpeg,permanent_dentition_CPOD,5,3,156261,b7f96bd55e9de91122bb1dea4ee84f9544c996312590305999d4b0796fd680ce,
permanent_dentition_CPOD_V05_S04,data/raw/permanent_dentition_CPOD/permanent_dentition_CPOD_V05_S04.jpeg,permanent_dentition_CPOD,5,4,98041,a55bb477243d115f44b2f03c01d3b6ff0bd930e48ee7f2fb414f785d16bc6936,
permanent_dentition_CPOD_V05_S05,data/raw/permanent_dentition_CPOD/permanent_dentition_CPOD_V05_S05.jpeg,permanent_dentition_CPOD,5,5,137565,81b21160a13545173228c0602166dbb3794161c07829beb85dcbd2e9b0ce4d07,
permanent_dentition_CPOD_V05_S06,data/raw/permanent_dentition_CPOD/permanent_dentition_CPOD_V05_S06.jpeg,permanent_dentition_CPOD,5,6,123360,25cc2a4c30a6592cbd3570e1d9c3148fc063ea55a772302a7fda94d4b7440e89,
permanent_dentition_CPOD_V05_S07,data/raw/permanent_dentition_CPOD/permanent_dentition_CPOD_V05_S07.jpeg,permanent_dentition_CPOD,5,7,162420,5ed3438e3580bd4c4bee2b92fb3727ad1ace2ad6ebd2225538d02e2dd8d2b8a2,
permanent_dentition_CPOD_V05_S08,data/raw/permanent_dentition_CPOD/permanent_dentition_CPOD_V05_S08.jpeg,permanent_dentition_CPOD,5,8,153972,7f6ef58cf102b1062bb543ea281f69029dfbe9a3afced863c208fcd9071c9497,
permanent_dentition_CPOD_V05_S09,data/raw/permanent_dentition_CPOD/permanent_dentition_CPOD_V05_S09.jpeg,permanent_dentition_CPOD,5,9,192727,c78dbe678d5c5664a40222dbc20c6ee35c011cf392d81f2c0408ac73c046e8de,
permanent_dentition_CPOD_V05_S10,data/raw/permanent_dentition_CPOD/permanent_dentition_CPOD_V05_S10.jpeg,permanent_dentition_CPOD,5,10,157723,c3bb39a692ed46f6c3bafdeb202e2538fd631a57faadfd6f211d031794368b9a,
permanent_dentition_CPOD_V05_S11,data/raw/permanent_dentition_CPOD/permanent_dentition_CPOD_V05_S11.jpeg,permanent_dentition_CPOD,5,11,180981,0845cb0a8af51bf48e295ce801b9892f3fbe9dd90c73c591243adb0e2afdad3d,
permanent_dentition_CPOD_V05_S12,data/raw/permanent_dentition_CPOD/permanent_dentition_CPOD_V05_S12.jpeg,permanent_dentition_CPOD,5,12,159569,61c09d5b13637bb5087275470ca80a221c70e0b71df6204092d7dd6115e6d336,
permanent_dentition_CPOD_V06_S01,data/raw/permanent_dentition_CPOD/permanent_dentition_CPOD_V06_S01.jpeg,permanent_dentition_CPOD,6,1,148495,375b7e05cf65b00bb730483c0b58dd6ff6af67a9301486286c00cf09cf9952fa,
permanent_dentition_CPOD_V06_S02,data/raw/permanent_dentition_CPOD/permanent_dentition_CPOD_V06_S02.jpeg,permanent_dentition_CPOD,6,2,105425,3166dd29c56806c67f3c6db49ed80f02bcfbdd909b0ae2b59ddc1e1527d248f7,
permanent_dentition_CPOD_V06_S03,data/raw/permanent_dentition_CPOD/permanent_dentition_CPOD_V06_S03.jpeg,permanent_dentition_CPOD,6,3,109776,2e2504f0cb9ff92d21ff6616c7de64901d558e3403e41950b74d7f9f3f5fc4a5,
permanent_dentition_CPOD_V06_S04,data/raw/permanent_dentition_CPOD/permanent_dentition_CPOD_V06_S04.jpeg,permanent_dentition_CPOD,6,4,100588,574add4c969af30991dc4cf7acd788b6c2ae628df9e79d926f36cd0cf8ab0553,
permanent_dentition_CPOD_V06_S05,data/raw/permanent_dentition_CPOD/permanent_dentition_CPOD_V06_S05.jpeg,permanent_dentition_CPOD,6,5,109644,296ebc41dbf2e4cbb2f96c6f1dacece51f114aea6ed45aa43ee21dac6d7ab299,
permanent_dentition_CPOD_V06_S06,data/raw/permanent_dentition_CPOD/permanent_dentition_CPOD_V06_S06.jpeg,permanent_dentition_CPOD,6,6,135751,df5cc7136d72112d6f4be61c4b51ee9fe908a764e24202c0385c5cee5c7c8d5b,
permanent_dentition_CPOD_V06_S07,data/raw/permanent_dentition_CPOD/permanent_dentition_CPOD_V06_S07.jpeg,permanent_dentition_CPOD,6,7,175626,89b3cf3bf74dacca81ec1db746a01706e3bbd0ffd59b28ebfe96273620694491,
permanent_dentition_CPOD_V06_S08,data/raw/permanent_dentition_CPOD/permanent_dentition_CPOD_V06_S08.jpeg,permanent_dentition_CPOD,6,8,138533,a5803275672cabd3869d192b2024f1db178669bc953a304c60a29752ec141160,
permanent_dentition_CPOD_V06_S09,data/raw/permanent_dentition_CPOD/permanent_dentition_CPOD_V06_S09.jpeg,permanent_dentition_CPOD,6,9,275642,72839f56ecefeae9b24eabbb67629a8f50c1b1a6662930d4f4da5f1c1620efab,
permanent_dentition_CPOD_V06_S10,data/raw/permanent_dentition_CPOD/permanent_dentition_CPOD_V06_S10.jpeg,permanent_dentition_CPOD,6,10,214299,433c49af54d9ecb06be9bc452807500f3b6bd421fb0dd9bf58c5127d02e18b1d,
permanent_dentition_CPOD_V06_S11,data/raw/permanent_dentition_CPOD/permanent_dentition_CPOD_V06_S11.jpeg,permanent_dentition_CPOD,6,11,130802,3061216464874ddcd79710a1b584db05d12f8910266be727338f37cde348b8d5,
permanent_dentition_CPOD_V06_S12,data/raw/permanent_dentition_CPOD/permanent_dentition_CPOD_V06_S12.jpeg,permanent_dentition_CPOD,6,12,179141,aa05e88472f06e39d0ee1c46d84f2bbda684782034b55823afc0d45d310cbf38,
permanent_dentition_CPOD_V06_S13,data/raw/permanent_dentition_CPOD/permanent_dentition_CPOD_V06_S13.jpeg,permanent_dentition_CPOD,6,13,174985,24d4ec6efae8b8f294f36ea9fdd8e482726791b6de2a1c42b9d47f8121accbcf,
permanent_dentition_CPOD_V07_S01,data/raw/permanent_dentition_CPOD/permanent_dentition_CPOD_V07_S01.jpeg,permanent_dentition_CPOD,7,1,123136,a152b449503bf9f29c5a580c21cc41a000bafd59abdb48c62ec757437622a5a6,
permanent_dentition_CPOD_V07_S02,data/raw/permanent_dentition_CPOD/permanent_dentition_CPOD_V07_S02.jpeg,permanent_dentition_CPOD,7,2,111447,61891306160554f5b07212a2b892890afe09dc59756a6a44ad8d5f58b818abca,
permanent_dentition_CPOD_V07_S03,data/raw/permanent_dentition_CPOD/permanent_dentition_CPOD_V07_S03.jpeg,permanent_dentition_CPOD,7,3,109083,a592de1a882680dbc5d70a95f07b158f4b1ac07ec7448fe17939fffb9d4ebaba,
permanent_dentition_CPOD_V07_S04,data/raw/permanent_dentition_CPOD/permanent_dentition_CPOD_V07_S04.jpeg,permanent_dentition_CPOD,7,4,109636,34b3d00a4f17400149da4dfb1d107b5f6d7b42a90e2bd24ddc7d5f9729a31416,
permanent_dentition_CPOD_V07_S05,data/raw/permanent_dentition_CPOD/permanent_dentition_CPOD_V07_S05.jpeg,permanent_dentition_CPOD,7,5,143971,8a7c6105e58e5e7a70d163d4ffb3cf7288cd02bee163a74836259ddf141c1031,
permanent_dentition_CPOD_V07_S06,data/raw/permanent_dentition_CPOD/permanent_dentition_CPOD_V07_S06.jpeg,permanent_dentition_CPOD,7,6,194788,91afb7bda702b397522bc253c7a0534a1ff8bd891e44e6dcbef3efb1a47f9759,
permanent_dentition_CPOD_V07_S07,data/raw/permanent_dentition_CPOD/permanent_dentition_CPOD_V07_S07.jpeg,permanent_dentition_CPOD,7,7,103353,b2901f77971ca79072ffec8345c295c516eb5705fcbd718a2dd44290603d50a5,
permanent_dentition_CPOD_V07_S08,data/raw/permanent_dentition_CPOD/permanent_dentition_CPOD_V07_S08.jpeg,permanent_dentition_CPOD,7,8,193152,760749d17fc817ea204db217dd808f5c2eb423a7976bef755500791f7a981631,
permanent_dentition_CPOD_V07_S09,data/raw/permanent_dentition_CPOD/permanent_dentition_CPOD_V07_S09.jpeg,permanent_dentition_CPOD,7,9,228749,7308a9cde8a919ecca20a63dd81206718cd0ccd5a823c80c176757f6784ba8b9,
permanent_dentition_CPOD_V07_S10,data/raw/permanent_dentition_CPOD/permanent_dentition_CPOD_V07_S10.jpeg,permanent_dentition_CPOD,7,10,164531,8f1f9c761288e77cd699a4aeda39996623a982139456ccd6cae2bac53a123218,
permanent_dentition_CPOD_V07_S11,data/raw/permanent_dentition_CPOD/permanent_dentition_CPOD_V07_S11.jpeg,permanent_dentition_CPOD,7,11,153247,10d8764180d125a01c55d21462031f366ca2419e4848cec3c2f8b3687ac8f166,
permanent_dentition_CPOD_V07_S12,data/raw/permanent_dentition_CPOD/permanent_dentition_CPOD_V07_S12.jpeg,permanent_dentition_CPOD,7,12,134531,9db68b80ffa8ed1420e52a0d3a2a935a037cc8033bfee3d0a4c58b8ab086be5d,
permanent_dentition_CPOD_V08_S01,data/raw/permanent_dentition_CPOD/permanent_dentition_CPOD_V08_S01.jpeg,permanent_dentition_CPOD,8,1,123414,c134fdb0351c937feed68c0924c0542f778d05fe7ae07f24c7e1420244c3e8ca,
permanent_dentition_CPOD_V08_S02,data/raw/permanent_dentition_CPOD/permanent_dentition_CPOD_V08_S02.jpeg,permanent_dentition_CPOD,8,2,125432,5c7976fdb3ac20ba77b535376cfa0a92f620126802fda611b0b2dac8e30ab3f1,
permanent_dentition_CPOD_V08_S03,data/raw/permanent_dentition_CPOD/permanent_dentition_CPOD_V08_S03.jpeg,permanent_dentition_CPOD,8,3,227860,f7f7d2c5f2d06fcc533f3417e7c31727ed066d77ecd52d8a8090dae09bbd0df2,
permanent_dentition_CPOD_V08_S04,data/raw/permanent_dentition_CPOD/permanent_dentition_CPOD_V08_S04.jpeg,permanent_dentition_CPOD,8,4,68093,2c0e369d2cf32f9f7115219ce522b6a786f116f32d1ad80511189624745864e8,
permanent_dentition_CPOD_V08_S05,data/raw/permanent_dentition_CPOD/permanent_dentition_CPOD_V08_S05.jpeg,permanent_dentition_CPOD,8,5,123783,203a38094e4cee3d349b001f3a3c9abfa26ca2560670f7f029b5c43403bf755e,
permanent_dentition_CPOD_V08_S06,data/raw/permanent_dentition_CPOD/permanent_dentition_CPOD_V08_S06.jpeg,permanent_dentition_CPOD,8,6,167796,7792561dc45679856d1ea1cdd917846cb7ea66809193d2eebabdded5dc4517c5,
permanent_dentition_CPOD_V08_S07,data/raw/permanent_dentition_CPOD/permanent_dentition_CPOD_V08_S07.jpeg,permanent_dentition_CPOD,8,7,192197,5f9e3fc9710b3fb86585cdca0b09f754d80b61427be71b45739b175d7cbc888a,
permanent_dentition_CPOD_V08_S08,data/raw/permanent_dentition_CPOD/permanent_dentition_CPOD_V08_S08.jpeg,permanent_dentition_CPOD,8,8,259035,0ca1f0211c37c2b2fe79bde0aef12bdc699c73b788a5b7fb86d47ef59acec092,
permanent_dentition_CPOD_V08_S09,data/raw/permanent_dentition_CPOD/permanent_dentition_CPOD_V08_S09.jpeg,permanent_dentition_CPOD,8,9,202197,b0545138298788be66df31d979eefa08a553001eed750fa5398ce9133106964c,
permanent_dentition_CPOD_V08_S10,data/raw/permanent_dentition_CPOD/permanent_dentition_CPOD_V08_S10.jpeg,permanent_dentition_CPOD,8,10,197264,89b90e0f617386f71e5d82d6829af66988ef19710db2005dfceba36ffb680e99,
permanent_dentition_CPOD_V08_S11,data/raw/permanent_dentition_CPOD/permanent_dentition_CPOD_V08_S11.jpeg,permanent_dentition_CPOD,8,11,139906,cf9be04c3ee5f200b50328591e3c1b85139c3502196e77b508ec111a941546b6,
permanent_dentition_CPOD_V08_S12,data/raw/permanent_dentition_CPOD/permanent_dentition_CPOD_V08_S12.jpeg,permanent_dentition_CPOD,8,12,146689,929734c73f76c1adb391b35545bcd0cbfbf5c185122a133dfaaf7c8b659ae4a1,
permanent_dentition_CPOD_V09_S01,data/raw/permanent_dentition_CPOD/permanent_dentition_CPOD_V09_S01.jpeg,permanent_dentition_CPOD,9,1,169083,380a5c0548d088eae3c33f5df1e0bc9c6cd4ad0ea4d33b9d5c3632a1cb70cbaf,
permanent_dentition_CPOD_V09_S02,data/raw/permanent_dentition_CPOD/permanent_dentition_CPOD_V09_S02.jpeg,permanent_dentition_CPOD,9,2,158394,3923c6432809d333011b60b9500d6569cf7e421d3b5085a05b7a74460e2d5164,
permanent_dentition_CPOD_V09_S03,data/raw/permanent_dentition_CPOD/permanent_dentition_CPOD_V09_S03.jpeg,permanent_dentition_CPOD,9,3,112359,b4510b17b5364945d430b41f1446305ebc43ff9ea02ddb8606c6f7771286a9d3,
permanent_dentition_CPOD_V09_S04,data/raw/permanent_dentition_CPOD/permanent_dentition_CPOD_V09_S04.jpeg,permanent_dentition_CPOD,9,4,104785,44330ad0a02943c3201078ca24263ac6d287756a79aa4042c3f7518af20785f7,
permanent_dentition_CPOD_V09_S05,data/raw/permanent_dentition_CPOD/permanent_dentition_CPOD_V09_S05.jpeg,permanent_dentition_CPOD,9,5,156733,f1c51938b41fc08cfb7366aef03cd62356219f8ffa3ff5dcd51aa1d501719627,
permanent_dentition_CPOD_V09_S06,data/raw/permanent_dentition_CPOD/permanent_dentition_CPOD_V09_S06.jpeg,permanent_dentition_CPOD,9,6,153796,124d4ccca4f0b57e92ec0be6fd8b98a702a6686861484ab4fe748ea5d187f3cc,
permanent_dentition_CPOD_V09_S07,data/raw/permanent_dentition_CPOD/permanent_dentition_CPOD_V09_S07.jpeg,permanent_dentition_CPOD,9,7,107194,287fd77b112a8157f24ebe06b989e367e51e6153849f9e8d4bb04b83da4bba80,
permanent_dentition_CPOD_V09_S08,data/raw/permanent_dentition_CPOD/permanent_dentition_CPOD_V09_S08.jpeg,permanent_dentition_CPOD,9,8,253224,41adacf544a82684baafbebec8e610ea04225a3f5ad3743266ae8a5331e63541,
permanent_dentition_CPOD_V09_S09,data/raw/permanent_dentition_CPOD/permanent_dentition_CPOD_V09_S09.jpeg,permanent_dentition_CPOD,9,9,138195,2cbb3ab919245fb879d16b6939966c3e4b24e5d6caea47435e531dbaa428c3c6,
permanent_dentition_CPOD_V09_S10,data/raw/permanent_dentition_CPOD/permanent_dentition_CPOD_V09_S10.jpeg,permanent_dentition_CPOD,9,10,116217,7c2e9cd22f47a7b293f7546346a047c212451ea3d237dfe03ed29995adcd0921,
permanent_dentition_CPOD_V09_S11,data/raw/permanent_dentition_CPOD/permanent_dentition_CPOD_V09_S11.jpeg,permanent_dentition_CPOD,9,11,147839,17a7740d675fd6924feb2ab1bb246e14137c02d0218c7b7c1e9f9a240b612922,
permanent_dentition_CPOD_V09_S12,data/raw/permanent_dentition_CPOD/permanent_dentition_CPOD_V09_S12.jpeg,permanent_dentition_CPOD,9,12,161766,90d21fefb4e8478304001197102eaa6bc888170bcf6a22a173afe239848e3b8e,
permanent_dentition_CPOD_V10_S01,data/raw/permanent_dentition_CPOD/permanent_dentition_CPOD_V10_S01.jpeg,permanent_dentition_CPOD,10,1,134835,bf2623c7a5c5c47bd78cfd29581cde4d96938b82334664825f3084eee7519ae5,
permanent_dentition_CPOD_V10_S02,data/raw/permanent_dentition_CPOD/permanent_dentition_CPOD_V10_S02.jpeg,permanent_dentition_CPOD,10,2,123703,aaa1fd835649ceb07961eff48aa7c0a3e279398448c6a7e579abc7240e01b510,
permanent_dentition_CPOD_V10_S03,data/raw/permanent_dentition_CPOD/permanent_dentition_CPOD_V10_S03.jpeg,permanent_dentition_CPOD,10,3,119191,470b0288661ce5a8f35a58ce6187ec45ad8862bacd353d745e693d2c3b6663fc,
permanent_dentition_CPOD_V10_S04,data/raw/permanent_dentition_CPOD/permanent_dentition_CPOD_V10_S04.jpeg,permanent_dentition_CPOD,10,4,113739,23acf67094b21d9caeffaa3238d11ecca55f830740ec7ea94f807a416bd08987,
permanent_dentition_CPOD_V10_S05,data/raw/permanent_dentition_CPOD/permanent_dentition_CPOD_V10_S05.jpeg,permanent_dentition_CPOD,10,5,146245,99a716c290561efed63bcd02c84f2cfd0c597d4258d5c2ff6f2474cc2c5225ba,
permanent_dentition_CPOD_V10_S06,data/raw/permanent_dentition_CPOD/permanent_dentition_CPOD_V10_S06.jpeg,permanent_dentition_CPOD,10,6,38067,7ee7e5ba03ff9acf335586457043397f51b91c58f54ac2d99c405fd83da4916e,
permanent_dentition_CPOD_V10_S07,data/raw/permanent_dentition_CPOD/permanent_dentition_CPOD_V10_S07.jpeg,permanent_dentition_CPOD,10,7,46879,06ee75814a1ba5691f94895f36f243196ee8815e23e40531baa5bb8641511622,
permanent_dentition_CPOD_V10_S08,data/raw/permanent_dentition_CPOD/permanent_dentition_CPOD_V10_S08.jpeg,permanent_dentition_CPOD,10,8,50116,14767583f268bef193256694c69c24b482436f78065eda6bcfcf68ce36d8f19e,
permanent_dentition_CPOD_V10_S09,data/raw/permanent_dentition_CPOD/permanent_dentition_CPOD_V10_S09.jpeg,permanent_dentition_CPOD,10,9,111220,6580e164a4dc9ab649200369d0e4d9b8d7d5b05da8a21d900f4b9a8d02948fd9,
permanent_dentition_CPOD_V10_S10,data/raw/permanent_dentition_CPOD/permanent_dentition_CPOD_V10_S10.jpeg,permanent_dentition_CPOD,10,10,111529,a984dfac054532d604d97699a5c6de2a7ccec404b889c65c766326f2f008aea4,
permanent_dentition_CPOD_V10_S11,data/raw/permanent_dentition_CPOD/permanent_dentition_CPOD_V10_S11.jpeg,permanent_dentition_CPOD,10,11,151637,24fd953af5c836c65856545d789006e951744ded3462dc279f512758698e2625,
permanent_dentition_CPOD_V10_S12,data/raw/permanent_dentition_CPOD/permanent_dentition_CPOD_V10_S12.jpeg,permanent_dentition_CPOD,10,12,164305,011ee113b3402b1ac9964b07495ef5e7913ae2fa6e0e6e64de96705f77966ffc,
permanent_dentition_DAI_V01_S01,data/raw/permanent_dentition_DAI/permanent_dentition_DAI_V01_S01.jpeg,permanent_dentition_DAI,1,1,152508,ea113dbacce3c461c2abaccd6655d48d368d172b7a4bfe354fe48aea06ffff26,occlusal
permanent_dentition_DAI_V01_S02,data/raw/permanent_dentition_DAI/permanent_dentition_DAI_V01_S02.jpeg,permanent_dentition_DAI,1,2,160278,cea86225aff01b597dcf5b71019be593649775a7b8ba4f34b07646a5753fce90,occlusal
permanent_dentition_DAI_V01_S03,data/raw/permanent_dentition_DAI/permanent_dentition_DAI_V01_S03.jpeg,permanent_dentition_DAI,1,3,158285,1fdabe421a922bad2168b165ac5a6db25e067a4e100a0ffe131137388269ee93,occlusal
permanent_dentition_DAI_V01_S04,data/raw/permanent_dentition_DAI/permanent_dentition_DAI_V01_S04.jpeg,permanent_dentition_DAI,1,4,88226,3f1f43808706d2a129d6b40480a7ba58615b8a333b8a7b4f1b8a25f034d62cbf,occlusal
permanent_dentition_DAI_V01_S05,data/raw/permanent_dentition_DAI/permanent_dentition_DAI_V01_S05.jpeg,permanent_dentition_DAI,1,5,128121,0bb1c62fe60ef71810bcfef446236ceb1cac797426eb0019957241f3bf8deab7,occlusal
permanent_dentition_DAI_V01_S06,data/raw/permanent_dentition_DAI/permanent_dentition_DAI_V01_S06.jpeg,permanent_dentition_DAI,1,6,121969,849a435098015d541387ce2a03946fc86db4bcefbee65a0f442018fd58016489,occlusal
permanent_dentition_DAI_V01_S07,data/raw/permanent_dentition_DAI/permanent_dentition_DAI_V01_S07.jpeg,permanent_dentition_DAI,1,7,121268,cca9b7310e40b8c5449c21e8102a365f0fc54a641f485cf1196689e85c793557,occlusal
permanent_dentition_DAI_V01_S08,data/raw/permanent_dentition_DAI/permanent_dentition_DAI_V01_S08.jpeg,permanent_dentition_DAI,1,8,154971,dd0549cc6414d8eb16bcff26eb1b0d3090b0df83a5aaec6adbe69516573d2fc7,occlusal
permanent_dentition_DAI_V01_S09,data/raw/permanent_dentition_DAI/permanent_dentition_DAI_V01_S09.jpeg,permanent_dentition_DAI,1,9,153452,d01732e4066124c49901c16e1f29c1929c0aee40b7e1808dd4ffbce6a00b43ac,occlusal
permanent_dentition_DAI_V01_S10,data/raw/permanent_dentition_DAI/permanent_dentition_DAI_V01_S10.jpeg,permanent_dentition_DAI,1,10,149792,86bd1c5c3f2f36fa32bbdfa76604e26c58a96c4d0400b02cb4e833defa6f86ef,occlusal
permanent_dentition_DAI_V01_S11,data/raw/permanent_dentition_DAI/permanent_dentition_DAI_V01_S11.jpeg,permanent_dentition_DAI,1,11,164022,16a61b6db6ecef9f8732446e4b3d99a8d85d263da39c7ea31975a79a4367a6fc,occlusal
permanent_dentition_DAI_V01_S12,data/raw/permanent_dentition_DAI/permanent_dentition_DAI_V01_S12.jpeg,permanent_dentition_DAI,1,12,148136,efad178f26c07f80df3a9aca9b852b67e7ed6223831ab98b8b99eb5ecf5c31fb,occlusal
permanent_dentition_DAI_V02_S01,data/raw/permanent_dentition_DAI/permanent_dentition_DAI_V02_S01.jpeg,permanent_dentition_DAI,2,1,143126,a870a4a60af52a326264063f8db6501c3b084f061d8a1b1266582dfb969c1aa3,frontal
permanent_dentition_DAI_V02_S02,data/raw/permanent_dentition_DAI/permanent_dentition_DAI_V02_S02.jpeg,permanent_dentition_DAI,2,2,136416,9e831b9058ee471a4837a6cdd0a0f461db608d07717a833f51ecfde5630d4af5,frontal
permanent_dentition_DAI_V02_S03,data/raw/permanent_dentition_DAI/permanent_dentition_DAI_V02_S03.jpeg,permanent_dentition_DAI,2,3,180347,a8c3d4600b39a7cbe6bc465ae23345b70ad90108a0af42cfdc3a28812239a702,frontal
permanent_dentition_DAI_V02_S04,data/raw/permanent_dentition_DAI/permanent_dentition_DAI_V02_S04.jpeg,permanent_dentition_DAI,2,4,164629,71b1b6b44698c7db8448b40706e8197abcacce77f3000e9260dbc59adeb0f137,frontal
permanent_dentition_DAI_V02_S05,data/raw/permanent_dentition_DAI/permanent_dentition_DAI_V02_S05.jpeg,permanent_dentition_DAI,2,5,109773,c37042c80b4e5ce23588867d71b2ac8671b3c8a786dce71b423b3a347fda53b6,frontal
permanent_dentition_DAI_V02_S06,data/raw/permanent_dentition_DAI/permanent_dentition_DAI_V02_S06.jpeg,permanent_dentition_DAI,2,6,111936,5a0dd4971e76a5a1ef3c3d2d91b23060f395c0ae8c2423deb5b85c968798acdb,occlusal
permanent_dentition_DAI_V02_S07,data/raw/permanent_dentition_DAI/permanent_dentition_DAI_V02_S07.jpeg,permanent_dentition_DAI,2,7,109461,45f091083ea6daa1aaf4f1ed714f78eaaf58ac3438fecaf4d8eba1d521bd0e6a,occlusal
permanent_dentition_DAI_V02_S08,data/raw/permanent_dentition_DAI/permanent_dentition_DAI_V02_S08.jpeg,permanent_dentition_DAI,2,8,167378,8eca4f0fc8fd829e4b969c056efb7de6638de829a78ff2c939cd836db78d4b8e,occlusal
permanent_dentition_DAI_V02_S09,data/raw/permanent_dentition_DAI/permanent_dentition_DAI_V02_S09.jpeg,permanent_dentition_DAI,2,9,174402,03de90266017fea4de74b06a80010848e7cb507029c5b04d0dfd84612ce91799,occlusal
permanent_dentition_DAI_V02_S10,data/raw/permanent_dentition_DAI/permanent_dentition_DAI_V02_S10.jpeg,permanent_dentition_DAI,2,10,138645,352d270e597c2cfabfe190302487d2666e2cc8ec4a40f3f094a179c5d7112301,frontal
permanent_dentition_DAI_V02_S11,data/raw/permanent_dentition_DAI/permanent_dentition_DAI_V02_S11.jpeg,permanent_dentition_DAI,2,11,166355,e6fdc1c5450a7d3bd68f7be672cd8b9d9a7910834eb01d7fc55221634147a98c,frontal
permanent_dentition_DAI_V02_S12,data/raw/permanent_dentition_DAI/permanent_dentition_DAI_V02_S12.jpeg,permanent_dentition_DAI,2,12,168030,f4b99f2fb6c93983070bd23f8c33db410953228990fa15f9b3cdd0a9b849f2f0,occlusal
permanent_dentition_DAI_V02_S13,data/raw/permanent_dentition_DAI/permanent_dentition_DAI_V02_S13.jpeg,permanent_dentition_DAI,2,13,148796,0a0cb7485de99193aa7b18f01b019692b285dee7d61cfc55078738b09a7bc132,frontal
permanent_dentition_DAI_V03_S01,data/raw/permanent_dentition_DAI/permanent_dentition_DAI_V03_S01.jpeg,permanent_dentition_DAI,3,1,149515,18e1117a6b0896d8c9edcb14ef5870c83267c5ce5de4b732c1022da666592741,frontal
permanent_dentition_DAI_V03_S02,data/raw/permanent_dentition_DAI/permanent_dentition_DAI_V03_S02.jpeg,permanent_dentition_DAI,3,2,92132,370416031bf299ba72c636b6c2cd5ce93ab3374d7bc7f2ca90a31596a91ea2b3,frontal
permanent_dentition_DAI_V03_S03,data/raw/permanent_dentition_DAI/permanent_dentition_DAI_V03_S03.jpeg,permanent_dentition_DAI,3,3,115579,d288dc86930d6a61e1fa0d82c1fa88bf2b431712b8658a3588e455fc1624986e,frontal
permanent_dentition_DAI_V03_S04,data/raw/permanent_dentition_DAI/permanent_dentition_DAI_V03_S04.jpeg,permanent_dentition_DAI,3,4,97781,586b19fa848e8f72ecbab9736214f96f3aaa57cf2952b12100470c1cbffc7898,frontal
permanent_dentition_DAI_V03_S05,data/raw/permanent_dentition_DAI/permanent_dentition_DAI_V03_S05.jpeg,permanent_dentition_DAI,3,5,169350,ab400af635d29d482862ffc1fe049bc66495cb18649646511d18d1f912448f8b,occlusal
permanent_dentition_DAI_V03_S06,data/raw/permanent_dentition_DAI/permanent_dentition_DAI_V03_S06.jpeg,permanent_dentition_DAI,3,6,114368,c2b105340a85a2f86ed0cc39c4156b6e252095787121dc0405ca67214bc27d0c,occlusal
permanent_dentition_DAI_V03_S07,data/raw/permanent_dentition_DAI/permanent_dentition_DAI_V03_S07.jpeg,permanent_dentition_DAI,3,7,178029,202bd43711fcb65448c804ccfd7e41095e130b06e2b0c700861c9d24caf6e586,occlusal
permanent_dentition_DAI_V03_S08,data/raw/permanent_dentition_DAI/permanent_dentition_DAI_V03_S08.jpeg,permanent_dentition_DAI,3,8,186400,4534f02892dd5c9d73ffa16bda85dba40c40ee1e8883e7ebce8044961c9a4f9d,occlusal
permanent_dentition_DAI_V03_S09,data/raw/permanent_dentition_DAI/permanent_dentition_DAI_V03_S09.jpeg,permanent_dentition_DAI,3,9,122868,706c16e8e69d5a3e31a3df24818c744f20948e7241e1098d82a0bf2784b06995,frontal
permanent_dentition_DAI_V03_S10,data/raw/permanent_dentition_DAI/permanent_dentition_DAI_V03_S10.jpeg,permanent_dentition_DAI,3,10,110359,bef2a498752eada84f7f545af9c694ec6b9d04320cedf966f22a69ee552a1e6b,frontal
permanent_dentition_DAI_V03_S11,data/raw/permanent_dentition_DAI/permanent_dentition_DAI_V03_S11.jpeg,permanent_dentition_DAI,3,11,145880,a505663cff7cc94b28be66177af1a5f28d79d18f89d9eb58cd602323b53a2673,frontal
permanent_dentition_DAI_V03_S12,data/raw/permanent_dentition_DAI/permanent_dentition_DAI_V03_S12.jpeg,permanent_dentition_DAI,3,12,123772,73309ed49ade85214baac4531ba5a489277ac7b83652876950a407dfe13cc9af,frontal
permanent_dentition_DAI_V04_S01,data/raw/permanent_dentition_DAI/permanent_dentition_DAI_V04_S01.jpeg,permanent_dentition_DAI,4,1,166800,442960ca0ffbe8a1c61885c43f7489fa29c4a0bcc4910e6f4aec3a2cd9f1ecdd,occlusal
permanent_dentition_DAI_V04_S02,data/raw/permanent_dentition_DAI/permanent_dentition_DAI_V04_S02.jpeg,permanent_dentition_DAI,4,2,222732,5321270525ac2ea8a752acbff7f80cd363e18842193b9c69ca9efbaf119cdfa1,occlusal
permanent_dentition_DAI_V04_S03,data/raw/permanent_dentition_DAI/permanent_dentition_DAI_V04_S03.jpeg,permanent_dentition_DAI,4,3,199768,9f2ac84357077e1a7d14d908cf05aade0fea915537fdb84c45a7535d2db1c603,occlusal
permanent_dentition_DAI_V04_S04,data/raw/permanent_dentition_DAI/permanent_dentition_DAI_V04_S04.jpeg,permanent_dentition_DAI,4,4,180109,41819ccae817561299137ef8fa69f50b90f5b52641a04e4fbdc0565b42b0e42f,occlusal
permanent_dentition_DAI_V04_S05,data/raw/permanent_dentition_DAI/permanent_dentition_DAI_V04_S05.jpeg,permanent_dentition_DAI,4,5,139519,5289904a3cb8ca27fc26b6cc26b735bab84878819da73b4040ab9ce0273b2bc0,occlusal
permanent_dentition_DAI_V04_S06,data/raw/permanent_dentition_DAI/permanent_dentition_DAI_V04_S06.jpeg,permanent_dentition_DAI,4,6,196694,f7804d452702a1478f895fffc84e837f3be8054a59d572442010332f0fdc9587,occlusal
permanent_dentition_DAI_V04_S07,data/raw/permanent_dentition_DAI/permanent_dentition_DAI_V04_S07.jpeg,permanent_dentition_DAI,4,7,140259,c624555c01cccaf3369120d0f1d236f70a82ba23748ed37bc5784b6054979e5a,occlusal
permanent_dentition_DAI_V04_S08,data/raw/permanent_dentition_DAI/permanent_dentition_DAI_V04_S08.jpeg,permanent_dentition_DAI,4,8,149273,79a185e8f6dbf6c8d3236b6a0f91730acd8f286c1bc5ef53f872d4eb7f04c2f8,occlusal
permanent_dentition_DAI_V04_S09,data/raw/permanent_dentition_DAI/permanent_dentition_DAI_V04_S09.jpeg,permanent_dentition_DAI,4,9,201730,e797d9edc23ab1faef22c12c5689988a9f49d7688085cf83e10dab81494f64b5,occlusal
permanent_dentition_DAI_V04_S10,data/raw/permanent_dentition_DAI/permanent_dentition_DAI_V04_S10.jpeg,permanent_dentition_DAI,4,10,191667,491f7cb1c2c31004d9125c17497036e0e81a14c18fe154e4e034ec1b432514c4,occlusal
permanent_dentition_DAI_V04_S11,data/raw/permanent_dentition_DAI/permanent_dentition_DAI_V04_S11.jpeg,permanent_dentition_DAI,4,11,189410,3c0cf8417ecb058f55f42058f0b4fbb52b22fbacce0ed2372aac675dfcbe9f1d,occlusal
permanent_dentition_DAI_V04_S12,data/raw/permanent_dentition_DAI/permanent_dentition_DAI_V04_S12.jpeg,permanent_dentition_DAI,4,12,214732,03a9e72a6042aec9a345f4c497079744c03dc5cc46d8ea6b713c24665aefd7e9,occlusal
permanent_dentition_DAI_V05_S01,data/raw/permanent_dentition_DAI/permanent_dentition_DAI_V05_S01.jpeg,permanent_dentition_DAI,5,1,134968,3158544a2ce6e18ff4c6baaf3bd64e543ed882c8608e1611d680ef48faefc9aa,frontal
permanent_dentition_DAI_V05_S02,data/raw/permanent_dentition_DAI/permanent_dentition_DAI_V05_S02.jpeg,permanent_dentition_DAI,5,2,157807,7168ac25d2d4248db5470dc73ebc80d5f32a71781255122d2e7aa6f42925511f,frontal
permanent_dentition_DAI_V05_S03,data/raw/permanent_dentition_DAI/permanent_dentition_DAI_V05_S03.jpeg,permanent_dentition_DAI,5,3,156261,b7f96bd55e9de91122bb1dea4ee84f9544c996312590305999d4b0796fd680ce,frontal
permanent_dentition_DAI_V05_S04,data/raw/permanent_dentition_DAI/permanent_dentition_DAI_V05_S04.jpeg,permanent_dentition_DAI,5,4,98041,a55bb477243d115f44b2f03c01d3b6ff0bd930e48ee7f2fb414f785d16bc6936,frontal
permanent_dentition_DAI_V05_S05,data/raw/permanent_dentition_DAI/permanent_dentition_DAI_V05_S05.jpeg,permanent_dentition_DAI,5,5,137565,81b21160a13545173228c0602166dbb3794161c07829beb85dcbd2e9b0ce4d07,occlusal
permanent_dentition_DAI_V05_S06,data/raw/permanent_dentition_DAI/permanent_dentition_DAI_V05_S06.jpeg,permanent_dentition_DAI,5,6,123360,25cc2a4c30a6592cbd3570e1d9c3148fc063ea55a772302a7fda94d4b7440e89,occlusal
permanent_dentition_DAI_V05_S07,data/raw/permanent_dentition_DAI/permanent_dentition_DAI_V05_S07.jpeg,permanent_dentition_DAI,5,7,162420,5ed3438e3580bd4c4bee2b92fb3727ad1ace2ad6ebd2225538d02e2dd8d2b8a2,occlusal
permanent_dentition_DAI_V05_S08,data/raw/permanent_dentition_DAI/permanent_dentition_DAI_V05_S08.jpeg,permanent_dentition_DAI,5,8,153972,7f6ef58cf102b1062bb543ea281f69029dfbe9a3afced863c208fcd9071c9497,occlusal
permanent_dentition_DAI_V05_S09,data/raw/permanent_dentition_DAI/permanent_dentition_DAI_V05_S09.jpeg,permanent_dentition_DAI,5,9,192727,c78dbe678d5c5664a40222dbc20c6ee35c011cf392d81f2c0408ac73c046e8de,frontal
permanent_dentition_DAI_V05_S10,data/raw/permanent_dentition_DAI/permanent_dentition_DAI_V05_S10.jpeg,permanent_dentition_DAI,5,10,157723,c3bb39a692ed46f6c3bafdeb202e2538fd631a57faadfd6f211d031794368b9a,frontal
permanent_dentition_DAI_V05_S11,data/raw/permanent_dentition_DAI/permanent_dentition_DAI_V05_S11.jpeg,permanent_dentition_DAI,5,11,180981,0845cb0a8af51bf48e295ce801b9892f3fbe9dd90c73c591243adb0e2afdad3d,frontal
permanent_dentition_DAI_V05_S12,data/raw/permanent_dentition_DAI/permanent_dentition_DAI_V05_S12.jpeg,permanent_dentition_DAI,5,12,159569,61c09d5b13637bb5087275470ca80a221c70e0b71df6204092d7dd6115e6d336,frontal
permanent_dentition_DAI_V06_S01,data/raw/permanent_dentition_DAI/permanent_dentition_DAI_V06_S01.jpeg,permanent_dentition_DAI,6,1,130551,b1d558bc4ea628ef5e6629ec1773fbab3346893daa359f895f1a6856b33066c8,frontal
permanent_dentition_DAI_V06_S02,data/raw/permanent_dentition_DAI/permanent_dentition_DAI_V06_S02.jpeg,permanent_dentition_DAI,6,2,95542,3ce414fae187c867e6256ccfb9631fc6d59a6dd62e781008ec167f8901a377be,frontal
permanent_dentition_DAI_V06_S03,data/raw/permanent_dentition_DAI/permanent_dentition_DAI_V06_S03.jpeg,permanent_dentition_DAI,6,3,96686,7dc1160bf28f015cf4f7864c59ffcf810a27f264027c252931982fe4254e36c6,frontal
permanent_dentition_DAI_V06_S04,data/raw/permanent_dentition_DAI/permanent_dentition_DAI_V06_S04.jpeg,permanent_dentition_DAI,6,4,102235,e25f7988c059ff7fd327e632b8de252bb4321f9ddde1f6d332063c2fe82045f8,frontal
permanent_dentition_DAI_V06_S05,data/raw/permanent_dentition_DAI/permanent_dentition_DAI_V06_S05.jpeg,permanent_dentition_DAI,6,5,165651,6c6eac7b6d03867acceb0098ef51223a25af20dfbea31b5d9c69b32a255a4628,occlusal
permanent_dentition_DAI_V06_S06,data/raw/permanent_dentition_DAI/permanent_dentition_DAI_V06_S06.jpeg,permanent_dentition_DAI,6,6,114564,ac8704dafbaa54f082a0683aff311ebe06806a9eb3b835578a5bd37d3139ccd2,occlusal
permanent_dentition_DAI_V06_S07,data/raw/permanent_dentition_DAI/permanent_dentition_DAI_V06_S07.jpeg,permanent_dentition_DAI,6,7,183835,bf5ed4d7d08594504c7d703a9963700c33b4c3ae2fde3384baa77c188d4c0f00,frontal
permanent_dentition_DAI_V06_S08,data/raw/permanent_dentition_DAI/permanent_dentition_DAI_V06_S08.jpeg,permanent_dentition_DAI,6,8,143434,f3afb562451e4f5018544645cbef01e88ed0db1d64af7e33af67976bb275834a,occlusal
permanent_dentition_DAI_V06_S09,data/raw/permanent_dentition_DAI/permanent_dentition_DAI_V06_S09.jpeg,permanent_dentition_DAI,6,9,172572,4dcceee9b1f347e14b6dae3ed93c9dc134c119d98659f05c672be827bcd0370c,frontal
permanent_dentition_DAI_V06_S10,data/raw/permanent_dentition_DAI/permanent_dentition_DAI_V06_S10.jpeg,permanent_dentition_DAI,6,10,126857,10d1fa2ce1484234bf08dfd00873d74411e2e51cd1ce5afd3db191eca7794136,frontal
permanent_dentition_DAI_V06_S11,data/raw/permanent_dentition_DAI/permanent_dentition_DAI_V06_S11.jpeg,permanent_dentition_DAI,6,11,122535,32e866156db108c0c39b7ce45f852d740f35e4a8860fd6d0158275f6c8ac83b4,frontal
permanent_dentition_DAI_V06_S12,data/raw/permanent_dentition_DAI/permanent_dentition_DAI_V06_S12.jpeg,permanent_dentition_DAI,6,12,94980,f017cf4c1bb70a59de5221e6ffd5cc25aae5491dff425d7cb9955aa15e223e9a,frontal
permanent_dentition_DAI_V07_S01,data/raw/permanent_dentition_DAI/permanent_dentition_DAI_V07_S01.jpeg,permanent_dentition_DAI,7,1,123136,a152b449503bf9f29c5a580c21cc41a000bafd59abdb48c62ec757437622a5a6,frontal
permanent_dentition_DAI_V07_S02,data/raw/permanent_dentition_DAI/permanent_dentition_DAI_V07_S02.jpeg,permanent_dentition_DAI,7,2,111447,61891306160554f5b07212a2b892890afe09dc59756a6a44ad8d5f58b818abca,frontal
permanent_dentition_DAI_V07_S03,data/raw/permanent_dentition_DAI/permanent_dentition_DAI_V07_S03.jpeg,permanent_dentition_DAI,7,3,109083,a592de1a882680dbc5d70a95f07b158f4b1ac07ec7448fe17939fffb9d4ebaba,frontal
permanent_dentition_DAI_V07_S04,data/raw/permanent_dentition_DAI/permanent_dentition_DAI_V07_S04.jpeg,permanent_dentition_DAI,7,4,109636,34b3d00a4f17400149da4dfb1d107b5f6d7b42a90e2bd24ddc7d5f9729a31416,frontal
permanent_dentition_DAI_V07_S05,data/raw/permanent_dentition_DAI/permanent_dentition_DAI_V07_S05.jpeg,permanent_dentition_DAI,7,5,143971,8a7c6105e58e5e7a70d163d4ffb3cf7288cd02bee163a74836259ddf141c1031,occlusal
permanent_dentition_DAI_V07_S06,data/raw/permanent_dentition_DAI/permanent_dentition_DAI_V07_S06.jpeg,permanent_dentition_DAI,7,6,194788,91afb7bda702b397522bc253c7a0534a1ff8bd891e44e6dcbef3efb1a47f9759,occlusal
permanent_dentition_DAI_V07_S07,data/raw/permanent_dentition_DAI/permanent_dentition_DAI_V07_S07.jpeg,permanent_dentition_DAI,7,7,221545,0138d64c58f40b249889bc421d9c3d042d318f5786f15d8703791ac60f657569,occlusal
permanent_dentition_DAI_V07_S08,data/raw/permanent_dentition_DAI/permanent_dentition_DAI_V07_S08.jpeg,permanent_dentition_DAI,7,8,193152,760749d17fc817ea204db217dd808f5c2eb423a7976bef755500791f7a981631,occlusal
permanent_dentition_DAI_V07_S09,data/raw/permanent_dentition_DAI/permanent_dentition_DAI_V07_S09.jpeg,permanent_dentition_DAI,7,9,228749,7308a9cde8a919ecca20a63dd81206718cd0ccd5a823c80c176757f6784ba8b9,frontal
permanent_dentition_DAI_V07_S10,data/raw/permanent_dentition_DAI/permanent_dentition_DAI_V07_S10.jpeg,permanent_dentition_DAI,7,10,164531,8f1f9c761288e77cd699a4aeda39996623a982139456ccd6cae2bac53a123218,frontal
permanent_dentition_DAI_V07_S11,data/raw/permanent_dentition_DAI/permanent_dentition_DAI_V07_S11.jpeg,permanent_dentition_DAI,7,11,153247,10d8764180d125a01c55d21462031f366ca2419e4848cec3c2f8b3687ac8f166,frontal
permanent_dentition_DAI_V07_S12,data/raw/permanent_dentition_DAI/permanent_dentition_DAI_V07_S12.jpeg,permanent_dentition_DAI,7,12,134531,9db68b80ffa8ed1420e52a0d3a2a935a037cc8033bfee3d0a4c58b8ab086be5d,frontal
permanent_dentition_DAI_V08_S01,data/raw/permanent_dentition_DAI/permanent_dentition_DAI_V08_S01.jpeg,permanent_dentition_DAI,8,1,123414,c134fdb0351c937feed68c0924c0542f778d05fe7ae07f24c7e1420244c3e8ca,frontal
permanent_dentition_DAI_V08_S02,data/raw/permanent_dentition_DAI/permanent_dentition_DAI_V08_S02.jpeg,permanent_dentition_DAI,8,2,125432,5c7976fdb3ac20ba77b535376cfa0a92f620126802fda611b0b2dac8e30ab3f1,frontal
permanent_dentition_DAI_V08_S03,data/raw/permanent_dentition_DAI/permanent_dentition_DAI_V08_S03.jpeg,permanent_dentition_DAI,8,3,227860,f7f7d2c5f2d06fcc533f3417e7c31727ed066d77ecd52d8a8090dae09bbd0df2,frontal
permanent_dentition_DAI_V08_S04,data/raw/permanent_dentition_DAI/permanent_dentition_DAI_V08_S04.jpeg,permanent_dentition_DAI,8,4,68093,2c0e369d2cf32f9f7115219ce522b6a786f116f32d1ad80511189624745864e8,frontal
permanent_dentition_DAI_V08_S05,data/raw/permanent_dentition_DAI/permanent_dentition_DAI_V08_S05.jpeg,permanent_dentition_DAI,8,5,123783,203a38094e4cee3d349b001f3a3c9abfa26ca2560670f7f029b5c43403bf755e,occlusal
permanent_dentition_DAI_V08_S06,data/raw/permanent_dentition_DAI/permanent_dentition_DAI_V08_S06.jpeg,permanent_dentition_DAI,8,6,167796,7792561dc45679856d1ea1cdd917846cb7ea66809193d2eebabdded5dc4517c5,frontal
permanent_dentition_DAI_V08_S07,data/raw/permanent_dentition_DAI/permanent_dentition_DAI_V08_S07.jpeg,permanent_dentition_DAI,8,7,192197,5f9e3fc9710b3fb86585cdca0b09f754d80b61427be71b45739b175d7cbc888a,frontal
permanent_dentition_DAI_V08_S08,data/raw/permanent_dentition_DAI/permanent_dentition_DAI_V08_S08.jpeg,permanent_dentition_DAI,8,8,259035,0ca1f0211c37c2b2fe79bde0aef12bdc699c73b788a5b7fb86d47ef59acec092,frontal
permanent_dentition_DAI_V08_S09,data/raw/permanent_dentition_DAI/permanent_dentition_DAI_V08_S09.jpeg,permanent_dentition_DAI,8,9,202197,b0545138298788be66df31d979eefa08a553001eed750fa5398ce9133106964c,frontal
permanent_dentition_DAI_V08_S10,data/raw/permanent_dentition_DAI/permanent_dentition_DAI_V08_S10.jpeg,permanent_dentition_DAI,8,10,197264,89b90e0f617386f71e5d82d6829af66988ef19710db2005dfceba36ffb680e99,frontal
permanent_dentition_DAI_V08_S11,data/raw/permanent_dentition_DAI/permanent_dentition_DAI_V08_S11.jpeg,permanent_dentition_DAI,8,11,139906,cf9be04c3ee5f200b50328591e3c1b85139c3502196e77b508ec111a941546b6,frontal
permanent_dentition_DAI_V08_S12,data/raw/permanent_dentition_DAI/permanent_dentition_DAI_V08_S12.jpeg,permanent_dentition_DAI,8,12,146689,929734c73f76c1adb391b35545bcd0cbfbf5c185122a133dfaaf7c8b659ae4a1,frontal
permanent_dentition_DAI_V09_S01,data/raw/permanent_dentition_DAI/permanent_dentition_DAI_V09_S01.jpeg,permanent_dentition_DAI,9,1,169083,380a5c0548d088eae3c33f5df1e0bc9c6cd4ad0ea4d33b9d5c3632a1cb70cbaf,frontal
permanent_dentition_DAI_V09_S02,data/raw/permanent_dentition_DAI/permanent_dentition_DAI_V09_S02.jpeg,permanent_dentition_DAI,9,2,158394,3923c6432809d333011b60b9500d6569cf7e421d3b5085a05b7a74460e2d5164,occlusal
permanent_dentition_DAI_V09_S03,data/raw/permanent_dentition_DAI/permanent_dentition_DAI_V09_S03.jpeg,permanent_dentition_DAI,9,3,112359,b4510b17b5364945d430b41f1446305ebc43ff9ea02ddb8606c6f7771286a9d3,occlusal
permanent_dentition_DAI_V09_S04,data/raw/permanent_dentition_DAI/permanent_dentition_DAI_V09_S04.jpeg,permanent_dentition_DAI,9,4,104785,44330ad0a02943c3201078ca24263ac6d287756a79aa4042c3f7518af20785f7,occlusal
permanent_dentition_DAI_V09_S05,data/raw/permanent_dentition_DAI/permanent_dentition_DAI_V09_S05.jpeg,permanent_dentition_DAI,9,5,156733,f1c51938b41fc08cfb7366aef03cd62356219f8ffa3ff5dcd51aa1d501719627,occlusal
permanent_dentition_DAI_V09_S06,data/raw/permanent_dentition_DAI/permanent_dentition_DAI_V09_S06.jpeg,permanent_dentition_DAI,9,6,153796,124d4ccca4f0b57e92ec0be6fd8b98a702a6686861484ab4fe748ea5d187f3cc,occlusal
permanent_dentition_DAI_V09_S07,data/raw/permanent_dentition_DAI/permanent_dentition_DAI_V09_S07.jpeg,permanent_dentition_DAI,9,7,107194,287fd77b112a8157f24ebe06b989e367e51e6153849f9e8d4bb04b83da4bba80,occlusal
permanent_dentition_DAI_V09_S08,data/raw/permanent_dentition_DAI/permanent_dentition_DAI_V09_S08.jpeg,permanent_dentition_DAI,9,8,253224,41adacf544a82684baafbebec8e610ea04225a3f5ad3743266ae8a5331e63541,occlusal
permanent_dentition_DAI_V09_S09,data/raw/permanent_dentition_DAI/permanent_dentition_DAI_V09_S09.jpeg,permanent_dentition_DAI,9,9,138195,2cbb3ab919245fb879d16b6939966c3e4b24e5d6caea47435e531dbaa428c3c6,frontal
permanent_dentition_DAI_V09_S10,data/raw/permanent_dentition_DAI/permanent_dentition_DAI_V09_S10.jpeg,permanent_dentition_DAI,9,10,116217,7c2e9cd22f47a7b293f7546346a047c212451ea3d237dfe03ed29995adcd0921,frontal
permanent_dentition_DAI_V09_S11,data/raw/permanent_dentition_DAI/permanent_dentition_DAI_V09_S11.jpeg,permanent_dentition_DAI,9,11,147839,17a7740d675fd6924feb2ab1bb246e14137c02d0218c7b7c1e9f9a240b612922,occlusal
permanent_dentition_DAI_V09_S12,data/raw/permanent_dentition_DAI/permanent_dentition_DAI_V09_S12.jpeg,permanent_dentition_DAI,9,12,161766,90d21fefb4e8478304001197102eaa6bc888170bcf6a22a173afe239848e3b8e,occlusal
permanent_dentition_DAI_V10_S01,data/raw/permanent_dentition_DAI/permanent_dentition_DAI_V10_S01.jpeg,permanent_dentition_DAI,10,1,98378,c393e39d528a3c731be358ef17c1cb2245a2bd4a259754736d6092b85e2d609a,occlusal
permanent_dentition_DAI_V10_S02,data/raw/permanent_dentition_DAI/permanent_dentition_DAI_V10_S02.jpeg,permanent_dentition_DAI,10,2,92628,1696d5a2ba0facd0a48d0d591cf6a0f208944d434d0758252141dd682ceb366a,occlusal
permanent_dentition_DAI_V10_S03,data/raw/permanent_dentition_DAI/permanent_dentition_DAI_V10_S03.jpeg,permanent_dentition_DAI,10,3,89880,76cde0eecf18b72bcb4a6b0f811659663ee2bf8f259b59af1f15327de7e13f24,occlusal
permanent_dentition_DAI_V10_S04,data/raw/permanent_dentition_DAI/permanent_dentition_DAI_V10_S04.jpeg,permanent_dentition_DAI,10,4,68514,e4bec88ef48e0ca97eb690755b5853860dd8b046319b4dc4275ceb6b64302a27,occlusal
permanent_dentition_DAI_V10_S05,data/raw/permanent_dentition_DAI/permanent_dentition_DAI_V10_S05.jpeg,permanent_dentition_DAI,10,5,103110,4e3693a2963eb82393c78752193e27a02c3749cf1ade8836c79144502bbad89f,occlusal
permanent_dentition_DAI_V10_S06,data/raw/permanent_dentition_DAI/permanent_dentition_DAI_V10_S06.jpeg,permanent_dentition_DAI,10,6,89911,93c6f25e1a6935a5c304f852bb29e1fb1977e957a5c449914d069b5c854e501c,occlusal
permanent_dentition_DAI_V10_S07,data/raw/permanent_dentition_DAI/permanent_dentition_DAI_V10_S07.jpeg,permanent_dentition_DAI,10,7,93070,df12ea53d64d9e8b78258ec3412889e2d04d9c11f99b83c08f114b591ff27398,occlusal
permanent_dentition_DAI_V10_S08,data/raw/permanent_dentition_DAI/permanent_dentition_DAI_V10_S08.jpeg,permanent_dentition_DAI,10,8,139329,53588f8898837a2bab4e3239e1b1008784e454d950390c8b2dd019297e30d863,occlusal
permanent_dentition_DAI_V10_S09,data/raw/permanent_dentition_DAI/permanent_dentition_DAI_V10_S09.jpeg,permanent_dentition_DAI,10,9,137534,13b1ce276856face1dfcec7eb6e29f21a8dcbc325009c20c0a93efa95e6487cf,occlusal
permanent_dentition_DAI_V10_S10,data/raw/permanent_dentition_DAI/permanent_dentition_DAI_V10_S10.jpeg,permanent_dentition_DAI,10,10,115128,e1082c10c4f65e8642897d53c3c734fbf81917552179fb6307a004f54fb9b8a7,frontal
permanent_dentition_DAI_V10_S11,data/raw/permanent_dentition_DAI/permanent_dentition_DAI_V10_S11.jpeg,permanent_dentition_DAI,10,11,113042,ec0e7c5e49506963ac732ded93978e9c7d88d46c275d904cd14c62a1412a67a5,occlusal
permanent_dentition_DAI_V10_S12,data/raw/permanent_dentition_DAI/permanent_dentition_DAI_V10_S12.jpeg,permanent_dentition_DAI,10,12,106507,c7341391ed2e9d1a4004cd32a8815b5d7ccb9052f3e19cdeae33baf33d128db6,occlusal
trauma_training_V01_S01,data/raw/trauma_training/trauma_training_V01_S01.jpeg,trauma_training,1,1,86269,c671a1dc471635b86760542864bb2b0dc9ccba304cd7315c3aa0b6ed3e564fe0,
trauma_training_V02_S01,data/raw/trauma_training/trauma_training_V02_S01.jpeg,trauma_training,2,1,38488,3c19d5b96f856b6b9c962cf2154d7104b493e9c6d27b7457529dde42cf73dd36,
trauma_training_V03_S01,data/raw/trauma_training/trauma_training_V03_S01.jpeg,trauma_training,3,1,52286,cffb9a5ef42c961552ceb369ff99addbfae22e98c35dc01efaf4a15f411d27b3,
trauma_training_V04_S01,data/raw/trauma_training/trauma_training_V04_S01.jpeg,trauma_training,4,1,37130,0b7eeedb0706a6b27a8ab7d7ac02ea24668fbdb6016e806d844bf0359e144ff7,
trauma_training_V05_S01,data/raw/trauma_training/trauma_training_V05_S01.jpeg,trauma_training,5,1,44954,c74a2977d8c8083d634dd8d52adb98ae6399dbfb4bd3fd4441521d95c7648652,
trauma_training_V06_S01,data/raw/trauma_training/trauma_training_V06_S01.jpeg,trauma_training,6,1,36758,6f4ab4ae6be6d95fd0657d7955ec13c5d30a9931052c4c9ebcee4a32d4566430,
