image_id,legacy_image_id,volunteer_id,source_module,released_view,dentition,final_rule_id,final_rule_coverage,cluster_coarse,cluster_fine,PC1,PC2,PC3,PC4,filepath
permanent_dentition_DAI_V10_S01,DAI_V10_S01,DAI_V10,permanent_dentition_DAI,occlusal,permanent,13,0.9780244005661244,1,6,-19.437763,-17.617651,-0.9440771,-6.618292,data/raw/permanent_dentition_DAI/permanent_dentition_DAI_V10_S01.jpeg
permanent_dentition_DAI_V10_S10,DAI_V10_S10,DAI_V10,permanent_dentition_DAI,frontal,permanent,11,0.9162785649509204,0,6,15.971297,-18.257584,3.1765406,-11.093292,data/raw/permanent_dentition_DAI/permanent_dentition_DAI_V10_S10.jpeg
permanent_dentition_DAI_V10_S11,DAI_V10_S11,DAI_V10,permanent_dentition_DAI,occlusal,permanent,4,0.9759053964006058,1,6,-8.446336,-1.8121792,11.715069,-3.4215722,data/raw/permanent_dentition_DAI/permanent_dentition_DAI_V10_S11.jpeg
permanent_dentition_DAI_V10_S12,DAI_V10_S12,DAI_V10,permanent_dentition_DAI,occlusal,permanent,13,0.9599543999192628,1,4,-20.939398,-12.444814,6.1895537,-0.5549372,data/raw/permanent_dentition_DAI/permanent_dentition_DAI_V10_S12.jpeg
permanent_dentition_DAI_V10_S02,DAI_V10_S02,DAI_V10,permanent_dentition_DAI,occlusal,permanent,1,0.8623757734607425,1,4,-37.2848,-20.819153,0.4081914,-11.821119,data/raw/permanent_dentition_DAI/permanent_dentition_DAI_V10_S02.jpeg
permanent_dentition_DAI_V10_S03,DAI_V10_S03,DAI_V10,permanent_dentition_DAI,occlusal,permanent,13,0.8655272261633272,1,4,-27.259335,-19.08857,2.3461366,-11.324842,data/raw/permanent_dentition_DAI/permanent_dentition_DAI_V10_S03.jpeg
permanent_dentition_DAI_V10_S04,DAI_V10_S04,DAI_V10,permanent_dentition_DAI,occlusal,permanent,12,0.9477194427019888,1,4,-53.96409,-29.835917,-15.798482,-11.554794,data/raw/permanent_dentition_DAI/permanent_dentition_DAI_V10_S04.jpeg
permanent_dentition_DAI_V10_S05,DAI_V10_S05,DAI_V10,permanent_dentition_DAI,occlusal,permanent,12,0.7993339209087371,1,0,-41.996227,15.460457,2.1155534,-25.411669,data/raw/permanent_dentition_DAI/permanent_dentition_DAI_V10_S05.jpeg
permanent_dentition_DAI_V10_S06,DAI_V10_S06,DAI_V10,permanent_dentition_DAI,occlusal,permanent,12,0.9817247820206558,1,4,-56.538136,-10.378415,-1.5790309,-3.2022085,data/raw/permanent_dentition_DAI/permanent_dentition_DAI_V10_S06.jpeg
permanent_dentition_DAI_V10_S07,DAI_V10_S07,DAI_V10,permanent_dentition_DAI,occlusal,permanent,12,0.7601224193339821,1,0,-42.022053,22.992332,-0.2146958,-20.133242,data/raw/permanent_dentition_DAI/permanent_dentition_DAI_V10_S07.jpeg
permanent_dentition_DAI_V10_S08,DAI_V10_S08,DAI_V10,permanent_dentition_DAI,occlusal,permanent,4,0.9148896705176291,1,2,-11.446556,16.656015,-0.33801854,21.477774,data/raw/permanent_dentition_DAI/permanent_dentition_DAI_V10_S08.jpeg
permanent_dentition_DAI_V10_S09,DAI_V10_S09,DAI_V10,permanent_dentition_DAI,occlusal,permanent,6,0.969548377847404,1,6,-7.1726193,-18.37809,8.067856,-2.7021937,data/raw/permanent_dentition_DAI/permanent_dentition_DAI_V10_S09.jpeg
permanent_dentition_DAI_V01_S01,DAI_V01_S01,DAI_V01,permanent_dentition_DAI,occlusal,permanent,12,0.9598398108807378,1,4,-53.739937,-23.277437,-2.398611,-5.4773226,data/raw/permanent_dentition_DAI/permanent_dentition_DAI_V01_S01.jpeg
permanent_dentition_DAI_V01_S10,DAI_V01_S10,DAI_V01,permanent_dentition_DAI,occlusal,permanent,13,0.9944755345271238,1,4,-20.65261,-13.598094,-2.115276,-3.0210152,data/raw/permanent_dentition_DAI/permanent_dentition_DAI_V01_S10.jpeg
permanent_dentition_DAI_V01_S11,DAI_V01_S11,DAI_V01,permanent_dentition_DAI,occlusal,permanent,15,1.0,1,6,-8.293517,-2.0640035,-18.429268,-6.4447546,data/raw/permanent_dentition_DAI/permanent_dentition_DAI_V01_S11.jpeg
permanent_dentition_DAI_V01_S12,DAI_V01_S12,DAI_V01,permanent_dentition_DAI,occlusal,permanent,13,0.9730353542286602,1,6,-19.128773,-21.224264,-15.819146,-6.2860904,data/raw/permanent_dentition_DAI/permanent_dentition_DAI_V01_S12.jpeg
permanent_dentition_DAI_V01_S02,DAI_V01_S02,DAI_V01,permanent_dentition_DAI,occlusal,permanent,3,0.9613314250083084,1,4,-31.696457,-13.8818655,-7.6696053,-1.9792775,data/raw/permanent_dentition_DAI/permanent_dentition_DAI_V01_S02.jpeg
permanent_dentition_DAI_V01_S03,DAI_V01_S03,DAI_V01,permanent_dentition_DAI,occlusal,permanent,13,0.9356443212853583,1,4,-26.446672,-26.028688,-8.418655,-1.9897321,data/raw/permanent_dentition_DAI/permanent_dentition_DAI_V01_S03.jpeg
permanent_dentition_DAI_V01_S04,DAI_V01_S04,DAI_V01,permanent_dentition_DAI,occlusal,permanent,13,0.950928376389979,1,4,-23.388622,-9.6265335,35.140274,-14.281976,data/raw/permanent_dentition_DAI/permanent_dentition_DAI_V01_S04.jpeg
permanent_dentition_DAI_V01_S05,DAI_V01_S05,DAI_V01,permanent_dentition_DAI,occlusal,permanent,12,0.8815965763043858,1,4,-51.190926,-3.4838228,-3.1134257,-8.329499,data/raw/permanent_dentition_DAI/permanent_dentition_DAI_V01_S05.jpeg
permanent_dentition_DAI_V01_S06,DAI_V01_S06,DAI_V01,permanent_dentition_DAI,occlusal,permanent,12,0.9413789894755324,1,4,-65.49225,-19.158487,-9.57979,0.63397473,data/raw/permanent_dentition_DAI/permanent_dentition_DAI_V01_S06.jpeg
permanent_dentition_DAI_V01_S07,DAI_V01_S07,DAI_V01,permanent_dentition_DAI,occlusal,permanent,12,0.7817720393140483,1,0,-72.91375,15.902023,0.31767553,-18.015028,data/raw/permanent_dentition_DAI/permanent_dentition_DAI_V01_S07.jpeg
permanent_dentition_DAI_V01_S08,DAI_V01_S08,DAI_V01,permanent_dentition_DAI,occlusal,permanent,12,0.984467730381392,1,4,-61.0556,-6.757145,-1.1505122,5.9141226,data/raw/permanent_dentition_DAI/permanent_dentition_DAI_V01_S08.jpeg
permanent_dentition_DAI_V01_S09,DAI_V01_S09,DAI_V01,permanent_dentition_DAI,occlusal,permanent,13,0.9785391541045182,1,4,-21.791265,-15.937455,14.627663,2.0034854,data/raw/permanent_dentition_DAI/permanent_dentition_DAI_V01_S09.jpeg
permanent_dentition_DAI_V02_S01,DAI_V02_S01,DAI_V02,permanent_dentition_DAI,frontal,permanent,10,0.9526026969082076,0,5,27.759005,-13.807558,1.4800255,-7.0163603,data/raw/permanent_dentition_DAI/permanent_dentition_DAI_V02_S01.jpeg
permanent_dentition_DAI_V02_S10,DAI_V02_S10,DAI_V02,permanent_dentition_DAI,frontal,permanent,11,0.9503741686876416,0,3,11.473,-7.200069,29.24882,12.506475,data/raw/permanent_dentition_DAI/permanent_dentition_DAI_V02_S10.jpeg
permanent_dentition_DAI_V02_S11,DAI_V02_S11,DAI_V02,permanent_dentition_DAI,frontal,permanent,5,0.983685839947632,0,3,17.272215,-2.683943,17.81822,11.801073,data/raw/permanent_dentition_DAI/permanent_dentition_DAI_V02_S11.jpeg
permanent_dentition_DAI_V02_S12,DAI_V02_S12,DAI_V02,permanent_dentition_DAI,occlusal,permanent,9,1.0,1,6,-4.654094,-16.304123,-33.07404,20.371538,data/raw/permanent_dentition_DAI/permanent_dentition_DAI_V02_S12.jpeg
permanent_dentition_DAI_V02_S13,DAI_V02_S13,DAI_V02,permanent_dentition_DAI,frontal,permanent,9,0.9402058520536616,0,5,9.018705,-15.448917,-33.81192,17.169855,data/raw/permanent_dentition_DAI/permanent_dentition_DAI_V02_S13.jpeg
permanent_dentition_DAI_V02_S02,DAI_V02_S02,DAI_V02,permanent_dentition_DAI,frontal,permanent,10,0.9692348459687016,0,6,16.80546,-20.370024,-1.4956714,-1.6278437,data/raw/permanent_dentition_DAI/permanent_dentition_DAI_V02_S02.jpeg
permanent_dentition_DAI_V02_S03,DAI_V02_S03,DAI_V02,permanent_dentition_DAI,frontal,permanent,10,0.9417912717026986,0,6,11.062981,-19.855345,-7.9094505,4.0643625,data/raw/permanent_dentition_DAI/permanent_dentition_DAI_V02_S03.jpeg
permanent_dentition_DAI_V02_S04,DAI_V02_S04,DAI_V02,permanent_dentition_DAI,frontal,permanent,10,0.8628033150319698,0,5,33.7065,-15.9591875,1.6476672,-0.821235,data/raw/permanent_dentition_DAI/permanent_dentition_DAI_V02_S04.jpeg
permanent_dentition_DAI_V02_S05,DAI_V02_S05,DAI_V02,permanent_dentition_DAI,frontal,permanent,11,0.9981683739946162,0,3,6.36989,8.087541,20.630102,15.337498,data/raw/permanent_dentition_DAI/permanent_dentition_DAI_V02_S05.jpeg
permanent_dentition_DAI_V02_S06,DAI_V02_S06,DAI_V02,permanent_dentition_DAI,occlusal,permanent,1,0.7714446624325327,1,0,-42.17003,5.702105,1.1122329,-47.570873,data/raw/permanent_dentition_DAI/permanent_dentition_DAI_V02_S06.jpeg
permanent_dentition_DAI_V02_S07,DAI_V02_S07,DAI_V02,permanent_dentition_DAI,occlusal,permanent,1,0.9360925870739188,1,4,-39.639336,0.833028,-6.0600944,-5.759352,data/raw/permanent_dentition_DAI/permanent_dentition_DAI_V02_S07.jpeg
permanent_dentition_DAI_V02_S08,DAI_V02_S08,DAI_V02,permanent_dentition_DAI,occlusal,permanent,12,0.7943718490690865,1,0,-50.40021,18.914865,-10.0855255,-9.589901,data/raw/permanent_dentition_DAI/permanent_dentition_DAI_V02_S08.jpeg
permanent_dentition_DAI_V02_S09,DAI_V02_S09,DAI_V02,permanent_dentition_DAI,occlusal,permanent,1,0.8578636417627112,1,2,-46.95436,18.71718,-10.625123,13.563898,data/raw/permanent_dentition_DAI/permanent_dentition_DAI_V02_S09.jpeg
permanent_dentition_DAI_V03_S01,DAI_V03_S01,DAI_V03,permanent_dentition_DAI,frontal,permanent,2,0.9651992953882784,0,5,42.41665,-10.451355,-8.679008,-10.148984,data/raw/permanent_dentition_DAI/permanent_dentition_DAI_V03_S01.jpeg
permanent_dentition_DAI_V03_S10,DAI_V03_S10,DAI_V03,permanent_dentition_DAI,frontal,permanent,2,0.8961263661327094,0,1,44.408566,-0.08225243,19.07251,8.778572,data/raw/permanent_dentition_DAI/permanent_dentition_DAI_V03_S10.jpeg
permanent_dentition_DAI_V03_S11,DAI_V03_S11,DAI_V03,permanent_dentition_DAI,frontal,permanent,2,0.906362552302572,0,5,40.479786,-2.9420047,-30.789333,7.0815988,data/raw/permanent_dentition_DAI/permanent_dentition_DAI_V03_S11.jpeg
permanent_dentition_DAI_V03_S12,DAI_V03_S12,DAI_V03,permanent_dentition_DAI,frontal,permanent,7,0.8996004724687422,0,5,50.78414,2.16976,-22.041016,-1.795494,data/raw/permanent_dentition_DAI/permanent_dentition_DAI_V03_S12.jpeg
permanent_dentition_DAI_V03_S02,DAI_V03_S02,DAI_V03,permanent_dentition_DAI,frontal,permanent,7,0.9326168220542622,0,1,71.06146,-6.466697,-4.5126734,-16.935577,data/raw/permanent_dentition_DAI/permanent_dentition_DAI_V03_S02.jpeg
permanent_dentition_DAI_V03_S03,DAI_V03_S03,DAI_V03,permanent_dentition_DAI,frontal,permanent,7,0.953550517342146,0,1,68.47852,-8.744165,-3.9892387,-14.615802,data/raw/permanent_dentition_DAI/permanent_dentition_DAI_V03_S03.jpeg
permanent_dentition_DAI_V03_S04,DAI_V03_S04,DAI_V03,permanent_dentition_DAI,frontal,permanent,2,0.8565773601315532,0,1,39.85489,-0.15991615,20.111437,-0.53200233,data/raw/permanent_dentition_DAI/permanent_dentition_DAI_V03_S04.jpeg
permanent_dentition_DAI_V03_S05,DAI_V03_S05,DAI_V03,permanent_dentition_DAI,occlusal,permanent,8,1.0,0,6,2.313617,17.369007,-5.8581295,-31.56298,data/raw/permanent_dentition_DAI/permanent_dentition_DAI_V03_S05.jpeg
permanent_dentition_DAI_V03_S06,DAI_V03_S06,DAI_V03,permanent_dentition_DAI,occlusal,permanent,4,0.9796889514615588,1,6,-11.046796,4.061287,10.891521,-17.205467,data/raw/permanent_dentition_DAI/permanent_dentition_DAI_V03_S06.jpeg
permanent_dentition_DAI_V03_S07,DAI_V03_S07,DAI_V03,permanent_dentition_DAI,occlusal,permanent,3,0.9588104761252249,1,0,-28.588242,23.168503,-11.267349,-14.9734335,data/raw/permanent_dentition_DAI/permanent_dentition_DAI_V03_S07.jpeg
permanent_dentition_DAI_V03_S08,DAI_V03_S08,DAI_V03,permanent_dentition_DAI,occlusal,permanent,3,0.9696410190696316,1,2,-34.919212,13.303242,-6.099248,15.505945,data/raw/permanent_dentition_DAI/permanent_dentition_DAI_V03_S08.jpeg
permanent_dentition_DAI_V03_S09,DAI_V03_S09,DAI_V03,permanent_dentition_DAI,frontal,permanent,2,0.9457878012554276,0,1,42.05385,0.5357761,16.233547,10.624495,data/raw/permanent_dentition_DAI/permanent_dentition_DAI_V03_S09.jpeg
permanent_dentition_DAI_V04_S01,DAI_V04_S01,DAI_V04,permanent_dentition_DAI,occlusal,permanent,12,0.8187446888757353,1,4,-73.95827,-26.491934,0.17000134,0.7101299,data/raw/permanent_dentition_DAI/permanent_dentition_DAI_V04_S01.jpeg
permanent_dentition_DAI_V04_S10,DAI_V04_S10,DAI_V04,permanent_dentition_DAI,occlusal,permanent,1,0.994280858973044,1,4,-46.215828,-17.699427,20.259132,12.892152,data/raw/permanent_dentition_DAI/permanent_dentition_DAI_V04_S10.jpeg
permanent_dentition_DAI_V04_S11,DAI_V04_S11,DAI_V04,permanent_dentition_DAI,occlusal,permanent,3,0.8119022341579384,1,4,-40.781498,-17.951086,-6.0805445,5.2346807,data/raw/permanent_dentition_DAI/permanent_dentition_DAI_V04_S11.jpeg
permanent_dentition_DAI_V04_S12,DAI_V04_S12,DAI_V04,permanent_dentition_DAI,occlusal,permanent,1,0.9249765069674888,1,4,-44.11106,-27.510008,-24.946856,9.752706,data/raw/permanent_dentition_DAI/permanent_dentition_DAI_V04_S12.jpeg
permanent_dentition_DAI_V04_S02,DAI_V04_S02,DAI_V04,permanent_dentition_DAI,occlusal,permanent,12,0.8248412303864628,1,4,-51.58095,-25.77426,-13.812811,10.320546,data/raw/permanent_dentition_DAI/permanent_dentition_DAI_V04_S02.jpeg
permanent_dentition_DAI_V04_S03,DAI_V04_S03,DAI_V04,permanent_dentition_DAI,occlusal,permanent,12,0.8740876350123808,1,4,-53.024284,-28.216953,-7.5105247,7.068486,data/raw/permanent_dentition_DAI/permanent_dentition_DAI_V04_S03.jpeg
permanent_dentition_DAI_V04_S04,DAI_V04_S04,DAI_V04,permanent_dentition_DAI,occlusal,permanent,1,0.9489267827539898,1,4,-45.639797,-10.724926,35.811127,0.5847383,data/raw/permanent_dentition_DAI/permanent_dentition_DAI_V04_S04.jpeg
permanent_dentition_DAI_V04_S05,DAI_V04_S05,DAI_V04,permanent_dentition_DAI,occlusal,permanent,12,0.906475503591693,1,0,-68.80332,22.447128,5.6163225,-17.31828,data/raw/permanent_dentition_DAI/permanent_dentition_DAI_V04_S05.jpeg
permanent_dentition_DAI_V04_S06,DAI_V04_S06,DAI_V04,permanent_dentition_DAI,occlusal,permanent,3,0.8439625699554307,1,2,-38.57388,21.301048,13.547604,25.917683,data/raw/permanent_dentition_DAI/permanent_dentition_DAI_V04_S06.jpeg
permanent_dentition_DAI_V04_S07,DAI_V04_S07,DAI_V04,permanent_dentition_DAI,occlusal,permanent,3,0.8504265828302741,1,0,-36.949276,29.735596,-15.31332,-17.96317,data/raw/permanent_dentition_DAI/permanent_dentition_DAI_V04_S07.jpeg
permanent_dentition_DAI_V04_S08,DAI_V04_S08,DAI_V04,permanent_dentition_DAI,occlusal,permanent,13,0.9262540809452322,1,2,-24.003195,21.417032,-6.7572813,14.531975,data/raw/permanent_dentition_DAI/permanent_dentition_DAI_V04_S08.jpeg
permanent_dentition_DAI_V04_S09,DAI_V04_S09,DAI_V04,permanent_dentition_DAI,occlusal,permanent,13,0.9608912506777652,1,2,-30.863468,-11.499326,10.993008,23.637106,data/raw/permanent_dentition_DAI/permanent_dentition_DAI_V04_S09.jpeg
permanent_dentition_DAI_V05_S01,DAI_V05_S01,DAI_V05,permanent_dentition_DAI,frontal,permanent,10,0.8907009692811526,0,5,30.39248,-15.9018755,-6.9135065,-4.159192,data/raw/permanent_dentition_DAI/permanent_dentition_DAI_V05_S01.jpeg
permanent_dentition_DAI_V05_S10,DAI_V05_S10,DAI_V05,permanent_dentition_DAI,frontal,permanent,2,0.9162023216901172,0,1,40.005775,2.9244127,19.886728,10.671206,data/raw/permanent_dentition_DAI/permanent_dentition_DAI_V05_S10.jpeg
permanent_dentition_DAI_V05_S11,DAI_V05_S11,DAI_V05,permanent_dentition_DAI,frontal,permanent,10,0.8146114982699245,0,5,24.33308,3.226622,-29.94236,26.411707,data/raw/permanent_dentition_DAI/permanent_dentition_DAI_V05_S11.jpeg
permanent_dentition_DAI_V05_S12,DAI_V05_S12,DAI_V05,permanent_dentition_DAI,frontal,permanent,7,0.8468823942555748,0,5,44.59384,0.11793186,-31.913172,16.636738,data/raw/permanent_dentition_DAI/permanent_dentition_DAI_V05_S12.jpeg
permanent_dentition_DAI_V05_S02,DAI_V05_S02,DAI_V05,permanent_dentition_DAI,frontal,permanent,2,0.9375802457152886,0,5,40.32275,-16.139843,-4.2267404,-9.331705,data/raw/permanent_dentition_DAI/permanent_dentition_DAI_V05_S02.jpeg
permanent_dentition_DAI_V05_S03,DAI_V05_S03,DAI_V05,permanent_dentition_DAI,frontal,permanent,2,0.8836067848497091,0,5,38.503136,-16.810617,-4.294709,-6.4652996,data/raw/permanent_dentition_DAI/permanent_dentition_DAI_V05_S03.jpeg
permanent_dentition_DAI_V05_S04,DAI_V05_S04,DAI_V05,permanent_dentition_DAI,frontal,permanent,10,0.7981999649342353,0,3,28.300087,1.3951449,35.989555,9.11786,data/raw/permanent_dentition_DAI/permanent_dentition_DAI_V05_S04.jpeg
permanent_dentition_DAI_V05_S05,DAI_V05_S05,DAI_V05,permanent_dentition_DAI,occlusal,permanent,3,0.9130454132755482,1,2,-24.19155,8.87015,-3.0225494,32.932648,data/raw/permanent_dentition_DAI/permanent_dentition_DAI_V05_S05.jpeg
permanent_dentition_DAI_V05_S06,DAI_V05_S06,DAI_V05,permanent_dentition_DAI,occlusal,permanent,1,0.9674463542856736,1,4,-33.70158,-5.738298,-1.244581,-16.511585,data/raw/permanent_dentition_DAI/permanent_dentition_DAI_V05_S06.jpeg
permanent_dentition_DAI_V05_S07,DAI_V05_S07,DAI_V05,permanent_dentition_DAI,occlusal,permanent,3,0.8121606285598107,1,0,-28.565226,23.08742,-10.722823,-16.404953,data/raw/permanent_dentition_DAI/permanent_dentition_DAI_V05_S07.jpeg
permanent_dentition_DAI_V05_S08,DAI_V05_S08,DAI_V05,permanent_dentition_DAI,occlusal,permanent,13,0.8902170832083302,1,2,-18.467249,24.54286,-17.319033,26.630753,data/raw/permanent_dentition_DAI/permanent_dentition_DAI_V05_S08.jpeg
permanent_dentition_DAI_V05_S09,DAI_V05_S09,DAI_V05,permanent_dentition_DAI,frontal,permanent,7,0.9064086206287436,0,1,43.617397,15.090527,14.341228,10.504229,data/raw/permanent_dentition_DAI/permanent_dentition_DAI_V05_S09.jpeg
permanent_dentition_DAI_V06_S01,DAI_V06_S01,DAI_V06,permanent_dentition_DAI,frontal,permanent,6,0.9997945440788968,1,6,-0.95835704,-13.667692,-1.39861,-14.242725,data/raw/permanent_dentition_DAI/permanent_dentition_DAI_V06_S01.jpeg
permanent_dentition_DAI_V06_S10,DAI_V06_S10,DAI_V06,permanent_dentition_DAI,frontal,permanent,7,0.954872311437638,0,1,52.140457,4.646912,15.80718,-4.3697705,data/raw/permanent_dentition_DAI/permanent_dentition_DAI_V06_S10.jpeg
permanent_dentition_DAI_V06_S11,DAI_V06_S11,DAI_V06,permanent_dentition_DAI,frontal,permanent,10,0.9799860867738224,0,5,20.26668,0.5079572,-15.788781,0.010820657,data/raw/permanent_dentition_DAI/permanent_dentition_DAI_V06_S11.jpeg
permanent_dentition_DAI_V06_S12,DAI_V06_S12,DAI_V06,permanent_dentition_DAI,frontal,permanent,10,0.9500654464966796,0,5,29.010897,-3.280624,-11.229701,-8.494362,data/raw/permanent_dentition_DAI/permanent_dentition_DAI_V06_S12.jpeg
permanent_dentition_DAI_V06_S02,DAI_V06_S02,DAI_V06,permanent_dentition_DAI,frontal,permanent,6,0.9998181874014832,1,6,-0.42639276,-14.714067,-1.5236838,-11.713097,data/raw/permanent_dentition_DAI/permanent_dentition_DAI_V06_S02.jpeg
permanent_dentition_DAI_V06_S03,DAI_V06_S03,DAI_V06,permanent_dentition_DAI,frontal,permanent,6,0.9998181874014832,1,6,-0.69177586,-15.021531,-0.85732573,-14.721455,data/raw/permanent_dentition_DAI/permanent_dentition_DAI_V06_S03.jpeg
permanent_dentition_DAI_V06_S04,DAI_V06_S04,DAI_V06,permanent_dentition_DAI,frontal,permanent,7,0.89087429647357,0,1,54.003773,2.6649365,27.61656,-20.22414,data/raw/permanent_dentition_DAI/permanent_dentition_DAI_V06_S04.jpeg
permanent_dentition_DAI_V06_S05,DAI_V06_S05,DAI_V06,permanent_dentition_DAI,occlusal,permanent,3,0.9041484389094956,1,0,-27.795738,17.270908,1.2170517,-17.445782,data/raw/permanent_dentition_DAI/permanent_dentition_DAI_V06_S05.jpeg
permanent_dentition_DAI_V06_S06,DAI_V06_S06,DAI_V06,permanent_dentition_DAI,occlusal,permanent,4,0.9853249060219076,1,6,-8.308818,6.0463448,0.07702427,-1.0734837,data/raw/permanent_dentition_DAI/permanent_dentition_DAI_V06_S06.jpeg
permanent_dentition_DAI_V06_S07,DAI_V06_S07,DAI_V06,permanent_dentition_DAI,frontal,permanent,8,0.9698498086566936,0,3,4.3542857,19.04161,-0.6525485,-3.3068469,data/raw/permanent_dentition_DAI/permanent_dentition_DAI_V06_S07.jpeg
permanent_dentition_DAI_V06_S08,DAI_V06_S08,DAI_V06,permanent_dentition_DAI,occlusal,permanent,4,0.9378389289522616,1,2,-9.460392,8.659199,-6.266745,25.156984,data/raw/permanent_dentition_DAI/permanent_dentition_DAI_V06_S08.jpeg
permanent_dentition_DAI_V06_S09,DAI_V06_S09,DAI_V06,permanent_dentition_DAI,frontal,permanent,2,0.8828791753432834,0,1,40.229763,12.418261,17.505667,0.66315895,data/raw/permanent_dentition_DAI/permanent_dentition_DAI_V06_S09.jpeg
permanent_dentition_DAI_V07_S01,DAI_V07_S01,DAI_V07,permanent_dentition_DAI,frontal,permanent,10,0.9852736475865956,0,5,24.77157,-8.656176,-5.3449855,-3.0668175,data/raw/permanent_dentition_DAI/permanent_dentition_DAI_V07_S01.jpeg
permanent_dentition_DAI_V07_S10,DAI_V07_S10,DAI_V07,permanent_dentition_DAI,frontal,permanent,7,0.8645016461568683,0,1,44.273735,3.2741501,19.741888,1.7074562,data/raw/permanent_dentition_DAI/permanent_dentition_DAI_V07_S10.jpeg
permanent_dentition_DAI_V07_S11,DAI_V07_S11,DAI_V07,permanent_dentition_DAI,frontal,permanent,7,0.9480812144032984,0,1,55.73413,18.40715,-11.192868,21.279207,data/raw/permanent_dentition_DAI/permanent_dentition_DAI_V07_S11.jpeg
permanent_dentition_DAI_V07_S12,DAI_V07_S12,DAI_V07,permanent_dentition_DAI,frontal,permanent,7,0.9725419350377468,0,1,56.682922,3.9493604,-6.596978,7.4927177,data/raw/permanent_dentition_DAI/permanent_dentition_DAI_V07_S12.jpeg
permanent_dentition_DAI_V07_S02,DAI_V07_S02,DAI_V07,permanent_dentition_DAI,frontal,permanent,10,0.8332355824300114,0,5,35.617542,-15.560583,-8.369649,-12.869807,data/raw/permanent_dentition_DAI/permanent_dentition_DAI_V07_S02.jpeg
permanent_dentition_DAI_V07_S03,DAI_V07_S03,DAI_V07,permanent_dentition_DAI,frontal,permanent,2,0.9298584114864864,0,5,42.00032,-14.349488,-5.8979034,-14.293738,data/raw/permanent_dentition_DAI/permanent_dentition_DAI_V07_S03.jpeg
permanent_dentition_DAI_V07_S04,DAI_V07_S04,DAI_V07,permanent_dentition_DAI,frontal,permanent,10,0.9194593776449425,0,3,28.430342,5.0664973,28.374468,-9.788724,data/raw/permanent_dentition_DAI/permanent_dentition_DAI_V07_S04.jpeg
permanent_dentition_DAI_V07_S05,DAI_V07_S05,DAI_V07,permanent_dentition_DAI,occlusal,permanent,4,0.949272736053226,1,0,-15.696273,10.034468,-14.756396,-17.264175,data/raw/permanent_dentition_DAI/permanent_dentition_DAI_V07_S05.jpeg
permanent_dentition_DAI_V07_S06,DAI_V07_S06,DAI_V07,permanent_dentition_DAI,occlusal,permanent,15,0.9857729916405572,1,6,-7.4600472,1.083661,-3.0768325,-7.159239,data/raw/permanent_dentition_DAI/permanent_dentition_DAI_V07_S06.jpeg
permanent_dentition_DAI_V07_S07,DAI_V07_S07,DAI_V07,permanent_dentition_DAI,occlusal,permanent,3,0.93925017872082,1,0,-32.116966,37.265644,-8.038682,-3.1798408,data/raw/permanent_dentition_DAI/permanent_dentition_DAI_V07_S07.jpeg
permanent_dentition_DAI_V07_S08,DAI_V07_S08,DAI_V07,permanent_dentition_DAI,occlusal,permanent,1,0.9587127919846308,1,2,-46.280674,8.026784,-4.6194887,5.5394645,data/raw/permanent_dentition_DAI/permanent_dentition_DAI_V07_S08.jpeg
permanent_dentition_DAI_V07_S09,DAI_V07_S09,DAI_V07,permanent_dentition_DAI,frontal,permanent,10,0.818497698919566,0,3,27.060013,0.750001,21.596525,3.647891,data/raw/permanent_dentition_DAI/permanent_dentition_DAI_V07_S09.jpeg
permanent_dentition_DAI_V08_S01,DAI_V08_S01,DAI_V08,permanent_dentition_DAI,frontal,permanent,10,0.9295842693527168,0,5,31.861862,-5.9413705,-5.330568,-2.5205665,data/raw/permanent_dentition_DAI/permanent_dentition_DAI_V08_S01.jpeg
permanent_dentition_DAI_V08_S10,DAI_V08_S10,DAI_V08,permanent_dentition_DAI,frontal,permanent,7,0.9384241893108564,0,1,54.433235,17.968472,9.026132,2.1044545,data/raw/permanent_dentition_DAI/permanent_dentition_DAI_V08_S10.jpeg
permanent_dentition_DAI_V08_S11,DAI_V08_S11,DAI_V08,permanent_dentition_DAI,frontal,permanent,7,0.9884878033990006,0,1,59.926655,5.4863024,-11.256619,-0.074970454,data/raw/permanent_dentition_DAI/permanent_dentition_DAI_V08_S11.jpeg
permanent_dentition_DAI_V08_S12,DAI_V08_S12,DAI_V08,permanent_dentition_DAI,frontal,permanent,7,0.932464380507276,0,5,53.691082,-3.640336,-23.004452,-11.726844,data/raw/permanent_dentition_DAI/permanent_dentition_DAI_V08_S12.jpeg
permanent_dentition_DAI_V08_S02,DAI_V08_S02,DAI_V08,permanent_dentition_DAI,frontal,permanent,2,0.9276636375568972,0,5,39.33188,-11.697571,-0.9403464,2.5361495,data/raw/permanent_dentition_DAI/permanent_dentition_DAI_V08_S02.jpeg
permanent_dentition_DAI_V08_S03,DAI_V08_S03,DAI_V08,permanent_dentition_DAI,frontal,permanent,10,0.9849418431659552,0,3,21.52629,-9.513573,0.29366758,12.184912,data/raw/permanent_dentition_DAI/permanent_dentition_DAI_V08_S03.jpeg
permanent_dentition_DAI_V08_S04,DAI_V08_S04,DAI_V08,permanent_dentition_DAI,frontal,permanent,2,0.9159272478320672,0,1,45.188248,-2.1196375,31.585123,-19.233036,data/raw/permanent_dentition_DAI/permanent_dentition_DAI_V08_S04.jpeg
permanent_dentition_DAI_V08_S05,DAI_V08_S05,DAI_V08,permanent_dentition_DAI,occlusal,permanent,13,0.9702735110662586,1,6,-14.96133,-10.8605995,9.093738,-25.815428,data/raw/permanent_dentition_DAI/permanent_dentition_DAI_V08_S05.jpeg
permanent_dentition_DAI_V08_S06,DAI_V08_S06,DAI_V08,permanent_dentition_DAI,frontal,permanent,11,0.980707886034712,0,3,3.9980335,17.216516,0.5403688,15.322263,data/raw/permanent_dentition_DAI/permanent_dentition_DAI_V08_S06.jpeg
permanent_dentition_DAI_V08_S07,DAI_V08_S07,DAI_V08,permanent_dentition_DAI,frontal,permanent,11,0.9676604012634724,0,3,6.959919,26.269732,-12.44535,9.577229,data/raw/permanent_dentition_DAI/permanent_dentition_DAI_V08_S07.jpeg
permanent_dentition_DAI_V08_S08,DAI_V08_S08,DAI_V08,permanent_dentition_DAI,frontal,permanent,10,0.941202115779457,0,3,15.275187,24.849514,-0.12780912,28.680489,data/raw/permanent_dentition_DAI/permanent_dentition_DAI_V08_S08.jpeg
permanent_dentition_DAI_V08_S09,DAI_V08_S09,DAI_V08,permanent_dentition_DAI,frontal,permanent,7,0.9952663299788616,0,1,60.338467,-2.0888395,-2.095119,-12.632734,data/raw/permanent_dentition_DAI/permanent_dentition_DAI_V08_S09.jpeg
permanent_dentition_DAI_V09_S01,DAI_V09_S01,DAI_V09,permanent_dentition_DAI,frontal,permanent,10,0.9605544976802216,0,6,17.505665,-28.159788,-7.590427,-0.98759896,data/raw/permanent_dentition_DAI/permanent_dentition_DAI_V09_S01.jpeg
permanent_dentition_DAI_V09_S10,DAI_V09_S10,DAI_V09,permanent_dentition_DAI,frontal,permanent,14,0.9882933733963244,0,3,2.390585,-5.93878,23.74272,-3.024422,data/raw/permanent_dentition_DAI/permanent_dentition_DAI_V09_S10.jpeg
permanent_dentition_DAI_V09_S11,DAI_V09_S11,DAI_V09,permanent_dentition_DAI,occlusal,permanent,13,0.9820349836976155,1,4,-21.322842,-13.970589,6.2015276,4.43709,data/raw/permanent_dentition_DAI/permanent_dentition_DAI_V09_S11.jpeg
permanent_dentition_DAI_V09_S12,DAI_V09_S12,DAI_V09,permanent_dentition_DAI,occlusal,permanent,3,0.8644396607199829,1,4,-36.848255,-15.229993,4.534997,2.1537793,data/raw/permanent_dentition_DAI/permanent_dentition_DAI_V09_S12.jpeg
permanent_dentition_DAI_V09_S02,DAI_V09_S02,DAI_V09,permanent_dentition_DAI,occlusal,permanent,13,0.970423102244346,1,6,-16.627295,-32.311623,-0.6698853,-10.084399,data/raw/permanent_dentition_DAI/permanent_dentition_DAI_V09_S02.jpeg
permanent_dentition_DAI_V09_S03,DAI_V09_S03,DAI_V09,permanent_dentition_DAI,occlusal,permanent,1,0.9084959140928704,1,4,-37.53833,-27.922327,-3.1156058,1.0542449,data/raw/permanent_dentition_DAI/permanent_dentition_DAI_V09_S03.jpeg
permanent_dentition_DAI_V09_S04,DAI_V09_S04,DAI_V09,permanent_dentition_DAI,occlusal,permanent,1,0.9244533233437436,1,4,-43.09605,-7.801528,48.23384,-7.7442994,data/raw/permanent_dentition_DAI/permanent_dentition_DAI_V09_S04.jpeg
permanent_dentition_DAI_V09_S05,DAI_V09_S05,DAI_V09,permanent_dentition_DAI,occlusal,permanent,4,0.9611317305004948,1,0,-15.340828,30.917702,-0.37999192,-14.495958,data/raw/permanent_dentition_DAI/permanent_dentition_DAI_V09_S05.jpeg
permanent_dentition_DAI_V09_S06,DAI_V09_S06,DAI_V09,permanent_dentition_DAI,occlusal,permanent,1,0.924726023507808,1,2,-42.667126,9.803094,10.902251,9.075319,data/raw/permanent_dentition_DAI/permanent_dentition_DAI_V09_S06.jpeg
permanent_dentition_DAI_V09_S07,DAI_V09_S07,DAI_V09,permanent_dentition_DAI,occlusal,permanent,3,0.9338666733256225,1,0,-28.480772,19.310074,-7.9322586,-13.755486,data/raw/permanent_dentition_DAI/permanent_dentition_DAI_V09_S07.jpeg
permanent_dentition_DAI_V09_S08,DAI_V09_S08,DAI_V09,permanent_dentition_DAI,occlusal,permanent,3,0.9765225781084842,1,2,-31.840857,14.439211,2.6991446,7.9085326,data/raw/permanent_dentition_DAI/permanent_dentition_DAI_V09_S08.jpeg
permanent_dentition_DAI_V09_S09,DAI_V09_S09,DAI_V09,permanent_dentition_DAI,frontal,permanent,14,1.0,1,3,-0.41711,0.60338193,18.861692,-0.6668963,data/raw/permanent_dentition_DAI/permanent_dentition_DAI_V09_S09.jpeg
